<?xml version="1.0" encoding="UTF-8"?>   
<fps version="1.2" url="https://github.com/zhblue/freeproblemset/">
	<generator name="HUSTOJ" url="https://github.com/zhblue/hustoj/"/>
	<item>
<title><![CDATA[C语言6.8]]></title>
<time_limit unit="s"><![CDATA[1]]></time_limit>
<memory_limit unit="mb"><![CDATA[32]]></memory_limit>

<description><![CDATA[<p>
	求出100至200间的所有素数。
</p>]]></description>
<input><![CDATA[<p>
	无
</p>]]></input> 
<output><![CDATA[<p>
	输入所有符合条件的素数，并在每一个数之后输出一个空格。<br />
请注意行尾输出换行。
</p>]]></output>
<sample_input><![CDATA[无]]></sample_input>
<sample_output><![CDATA[101 103 107 109 113 127 131 137 139 149 151 157 163 167 173 179 181 191 193 197 199 
]]></sample_output>
  <test_input><![CDATA[0]]></test_input>
<test_output><![CDATA[101 103 107 109 113 127 131 137 139 149 151 157 163 167 173 179 181 191 193 197 199 
]]></test_output>
<hint><![CDATA[]]></hint>
<source><![CDATA[教学题-C语言]]></source>
		<solution language="C"><![CDATA[#include<stdio.h>
#include<math.h>
int main(){
int i,j;
int m;
  for(i=100;i<=200;i++){
    m=sqrt(i);
    for(j=2;j<=m;j++)
      if(i%j==0)
        break;
    if(j>m)
      printf("%d ",i);
  }
  printf("\n");
  return 0;
}]]></solution>
			<solution language="C++"><![CDATA[#include <stdio.h>
#include <math.h>
int main() {
	int i, m, prime;
	for (m = 100;m <= 200;m++) {
		prime = 1;
		for (i = 2;i * i <= m;i++) {
			if (m % i == 0) {
				prime = 0;
				break;
			}
		}
		if (prime == 1)
			printf("%d ", m);
	}
	printf("\n");
	return 0;
}
]]></solution>
			<solution language="Pascal"><![CDATA[var
  i,j:longint;
  b:boolean;
begin
  for i:=100 to 200 do
  begin
    b:=true;
    for j:=2 to i-1 do
    if i mod j=0 then b:=false;
    if b then write(i,' ');
  end;
end.
]]></solution>
			<solution language="Java"><![CDATA[import java.util.*;
public class Main {
    public static void main(String args[]) {
        boolean flag;
        for(int result=100;result<=200;result++)
        {
            flag = true;
            if(result%2==0){
                continue;
            }
            else {
                for(int i=3;i<=Math.sqrt((double)result);i+=2){
                        if(result%i==0){
                            flag = false;
                            break;
                        }
                }
            }
            if(flag)
                System.out.printf("%d ",result);
        }
    }
}]]></solution>
			<solution language="Python"><![CDATA[def isprime(n):
  for x in xrange(2, int(n**0.5)+1):
    if n%x == 0:
      return False
  return True
print ' '.join(str(x) for x in xrange(100,200) if isprime(x)),'']]></solution>
	</item>
</fps>
