<?xml version="1.0" encoding="UTF-8"?>   
<fps version="1.2" url="https://github.com/zhblue/freeproblemset/">
	<generator name="HUSTOJ" url="https://github.com/zhblue/hustoj/"/>
	<item>
<title><![CDATA[采药]]></title>
<time_limit unit="s"><![CDATA[1]]></time_limit>
<memory_limit unit="mb"><![CDATA[32]]></memory_limit>

<description><![CDATA[<p>
	辰辰是个很有潜能、天资聪颖的孩子，他的梦想是称为世界上最伟大的医师。<br />
为此，他想拜附近最有威望的医师为师。医师为了判断他的资质，给他出了一个难题。<br />
医师把他带到个到处都是草药的山洞里对他说：<br />
“孩子，这个山洞里有一些不同的草药，采每一株都需要一些时间，每一株也有它自身的价值。<br />
我会给你一段时间，在这段时间里，你可以采到一些草药。如果你是一个聪明的孩子，你应该可以让采到的草药的总价值最大。”<br />
如果你是辰辰，你能完成这个任务吗？
</p>]]></description>
<input><![CDATA[<p>
	输入的第一行有两个整数T（1 &lt;= T &lt;= 1000）和M（1 &lt;= M &lt;= 100），T代表总共能够用来采药的时间，M代表山洞里的草药的数目。<br />
接下来的M行每行包括两个在1到100之间（包括1和100）的的整数，分别表示采摘某株草药的时间和这株草药的价值。
</p>]]></input> 
<output><![CDATA[<p>
	可能有多组测试数据，对于每组数据，<br />
输出只包括一行，这一行只包含一个整数，表示在规定的时间内，可以采到的草药的最大总价值。
</p>]]></output>
<sample_input><![CDATA[42 6
1 35
25 70
59 79
65 63
46 6
28 82
962 6
43 96
37 28
5 92
54 3
83 93
17 22
0 0
]]></sample_input>
<sample_output><![CDATA[117
334
]]></sample_output>
  <test_input><![CDATA[42 6
1 35
25 70
59 79
65 63
46 6
28 82
962 6
43 96
37 28
5 92
54 3
83 93
17 22
719 2
27 48
39 72
870 5
100 68
95 36
12 4
34 23
65 74
142 2
69 54
45 48
663 40
60 38
42 24
79 30
36 17
43 91
7 89
43 41
49 65
6 47
30 91
51 71
2 7
49 94
24 30
55 85
41 57
77 67
9 32
40 45
24 27
39 38
83 19
42 30
16 34
59 40
31 5
7 78
87 74
46 22
73 25
30 71
74 78
13 98
91 87
37 62
68 56
75 56
53 32
51 51
25 42
967 29
92 8
38 8
88 58
84 54
10 46
59 10
89 22
47 23
31 7
69 14
92 1
56 63
60 11
38 25
84 49
42 96
51 3
37 92
21 75
22 97
100 49
85 69
35 82
100 54
39 19
89 1
68 28
94 29
84 49
808 7
18 11
15 14
17 10
52 36
50 1
57 20
4 99
225 1
10 45
990 48
86 96
44 94
88 24
4 15
1 49
19 59
97 81
82 99
99 90
58 10
23 73
93 39
80 39
58 91
92 59
89 16
12 57
35 3
56 73
47 29
87 63
34 76
43 70
17 45
99 82
52 23
100 22
77 58
90 93
13 76
11 1
70 4
89 62
90 2
24 56
86 3
86 83
27 89
58 18
33 33
55 70
90 22
30 77
93 69
56 26
50 35
13 42
61 46
0 0
]]></test_input>
<test_output><![CDATA[117
334
120
205
102
1318
988
191
45
1620
]]></test_output>
<hint><![CDATA[]]></hint>
<source><![CDATA[名校复试机考真题-北京大学 洛谷]]></source>
		<solution language="C"><![CDATA[#include <stdio.h>
int n,m;
int run()
{
        int i,j,a[111],b[111],d[111][1111],k;
        for(i=1;i<=m;i++)
                scanf("%d%d",&a[i],&b[i]);
        for(i=0;i<=m;i++)
                for(j=0;j<=n;j++)
                        d[i][j]=0;
        for(i=0;i<m;i++)
                for(j=0;j<=n;j++)
                        for(k=0;k<=1;k++)
                                if((j+k*a[i+1]<=n)&&(d[i+1][j+k*a[i+1]]<d[i][j]+k*b[i+1]))
                                        d[i+1][j+k*a[i+1]]=d[i][j]+k*b[i+1]; 
        j=0;
        for(i=0;i<=n;i++)
                if(d[m][i]>j)
                        j=d[m][i];
        printf("%d\n",j);
}
int main()
{
        scanf("%d%d",&n,&m);
        while(n!=0)
        {
                run();
                n=0;
                scanf("%d%d",&n,&m);
        }
        return 0;
}]]></solution>
			<solution language="C++"><![CDATA[#include <stdio.h>
int n,m;
int run()
{
	int i,j,a[111],b[111],d[111][1111],k;
	for(i=1;i<=m;i++)
		scanf("%d%d",&a[i],&b[i]);
	for(i=0;i<=m;i++)
		for(j=0;j<=n;j++)
			d[i][j]=0;
	for(i=0;i<m;i++)
		for(j=0;j<=n;j++)
			for(k=0;k<=1;k++)
				if((j+k*a[i+1]<=n)&&(d[i+1][j+k*a[i+1]]<d[i][j]+k*b[i+1]))
					d[i+1][j+k*a[i+1]]=d[i][j]+k*b[i+1]; 
	j=0;
	for(i=0;i<=n;i++)
		if(d[m][i]>j)
			j=d[m][i];
	printf("%d\n",j);
}
int main()
{
	scanf("%d%d",&n,&m);
	while(n!=0)
	{
		run();
		n=0;
		scanf("%d%d",&n,&m);
	}
	return 0;
}]]></solution>
			<solution language="Pascal"><![CDATA[program co2;
 var
  t,m:longint;
  v,s:longint;
  i,j:longint;
  f:array[0..1001]of longint;
 begin
  readln(t,m);
  while (t<>0)and(m<>0) do
   begin
    fillchar(f,sizeof(f),0);
    for i:=1 to m do
     begin
      readln(v,s);
      for j:=t downto v do
       if f[j]<f[j-v]+s then f[j]:=f[j-v]+s;
     end;
    writeln(f[t]);
    readln(t,m);
   end;
 end.
]]></solution>
	</item>
</fps>
