<?xml version="1.0" encoding="UTF-8"?>   
<fps version="1.2" url="https://github.com/zhblue/freeproblemset/">
	<generator name="HUSTOJ" url="https://github.com/zhblue/hustoj/"/>
	<item>
<title><![CDATA[Problem D]]></title>
<time_limit unit="s"><![CDATA[1]]></time_limit>
<memory_limit unit="mb"><![CDATA[32]]></memory_limit>

<description><![CDATA[<p>
	已知某二叉树的先序序列和中序序列，编程计算并输出该二叉树的后序序列。
</p>]]></description>
<input><![CDATA[<div align="left">
	有多组数据，每组分为两行输入，第一行表示指定二叉树的先序序列，第二行表示该二叉树的中序序列，序列元素均为大写英文字符，表示二叉树的结点。
</div>]]></input> 
<output><![CDATA[<p>
	对于每组数组，在一行上输出该二叉树的后序序列。
</p>]]></output>
<sample_input><![CDATA[ABDGCEFH
DGBAECHF
]]></sample_input>
<sample_output><![CDATA[GDBEHFCA]]></sample_output>
  <test_input><![CDATA[ABDGCEFH
DGBAECHF
ABCDEFGHIJKLMNOPQRSTUVWXYZ
ZYXWVUTSRQPONMLKJIHGFEDCBA
ABCDEFGHIJKLMNOPQRSTUVWXYZ
ABCDEFGHIJKLMNOPQRSTUVWXYZ
A
A
UYXSBEANHGMCIVPWZLO
YEBSNAXGCMHIUPVZWOL
VSWTEGADPJYR
SVAGETPDWJYR
ZVOPRKXLUHM
VZKXRLPOHMU
NJUTWLCIHPRESAOV
WLCTUHIJREPSANOV
EWHSJVYFATGBIZKLPMR
ESTAFGYBVIJZLKPHMWR
SWEFLNVXUG
EWLFXVUNSG
PNWKQMZJCFU
QKWMNJCZFPU
QAXVDROBJGLCMZHYPSTKEFWI
DVXAROQGLJCZMBPTSYFEWKIH
MVONYLXPWCZIKHS
OYNPXWLCZVKIHMS
ZHMXIWCTQASFDENVBLJGO
WICTXMSAFDQHVBNEZLGJO
HIZDEKVGJXYCURLSTOQBM
IZHVKXYJCUGRLSETOBQDM
EMPGWYFDKQLZOAR
PMYWDFGKQEZAROL
CPM
PCM
XNJMISDQWT
JSIMNDXWQT
KWQOARMCBUJZPEGHTFSLXIY
QWKCUJBMZEPRTHGSLFXAIOY
VRZGCQTOXDPALFS
GZCRQVDXAPOFSLT
OHDCSVUZTNKRLYJEQXIFM
HSCDUVONKTZJYLQEIXFMR
ODAWBVKHGCJSIQPFMUYEXRN
HKVBGWJCSIADPQFOEYXUMNR
INCFXUDGZ
NIFXCUGDZ
VYIA
VYIA
JZCFGQRHIKOMXP
CFQGZJHIRKOPXM
EXAZTMPVFQGYHNILS
ZTAMVPXEFHYGNQLIS
CIEMPWHFNJQSXDGKLTRBZVY
MPWEJNFSQXHDIKLGTBZRVCY
ESWTHYZGKCIFROAM
WTSYHEGFICKZAORM
PULCXZJSDEATQ
PLUZXJCATEDSQ
FOWKGC
FKCGWO
TNPBSECADHVZQGK
PBNCESTHDQZVKGA
WSUOVTBRLZNG
USVBTOWNZLRG
GEZRH
ZREGH
TVYEHXPFIKNA
EHYVPFIXTNAK
GDUVBJXCY
BVXJUDCGY
MBPN
BPMN
HVAIKFSLMOUGYCR
VHFKSMLIOUAYCRG
WCOJVEKBTRLZXYNHPDQSAUIGMF
VBKEJOTRLCXZYWNPHDSIUAMGQF
AKLJO
JLKOA
FJXWVNPYGAUDIROCTHQM
WXNVPJYFDUIAGCORHQTM
XTABKMZSL
TXKBMAZSL
NBFMRDWJOCEHQIKZLYASPGXV
BFNJCEOIQKHWDZLRYMPSXGAV
PNUFSKEAIGBXCYQJRDHLWTZVM
FSUEIAKNBQYCJXDRLHGWVZTPM
HSWQXDPCFRJKVEGALIZO
QXWSHFCEVKJRGPDLZIAO
VRESHIXDYPLFJT
SEHRIXVDYFLJTP
ME
EM
INYTKPRDLBWVMOXESHCAZQJF
NKPRTDYWBVLOXSEHMCIZQAJF
FMBRCEVPNTHW
ECRBVPMNHTFW
VCRSNWPBDUAEIZKTHJFMQ
RCSVBPWEAUDTKHZFMJIQN
XTSBLFKEYAOHCPD
BSKEAYOFCHLPTXD
ZYDBRVGMTSIU
YZRBVDMGSITU
XZKEWPRCGYQBSUND
XWEKGYQCRSUBNPZD
M
M
TZWGBEIUMX
GWZBTEUIXM
OHSAZXFNGVKYRLWQIBEM
AZSNFVKGXRLYWHQBIOEM
SEBOYDUKTRC
OBESDKUTRCY
DWCAJLSROHZEG
AJCSLWHZOERGD
MXWCRPIJZNOGDLK
JZIPRCWXONMGLDK
IZFLNBPHRJDYAQEKWSCGUOXV
BPNLHDJYRAFQEKWZGCSUOXIV
CXZ
CZX
DPSGKAUCRWY
KGSPAUDCRWY
DOUJQVXRSHMFCBK
UODQJRXSHVFCMKB
KNOZ
NOKZ
ZJECKQBFIR
JZECQBIFKR
YESMQIGXWCOBUZJDAVPHR
SEQIMXGWCYBOJZDAUHPRV
XUQKBCJHVG
UXCBHJVKQG
BSJLMKGAIHPCODZYEQUNTF
MKLJGIASBPCHYZEDUQNOTF
EWPXUGMHIS
PWXEHMGISU
JBFDLXSVQUAOPRYNKZTCIEWGH
BLVSXDFQJOPRAYNUICETZWHGK
VKHWLZIBXEQNFGUAJDRCOP
HLWZKXEBNQFGIVAUDRJPOC
DWPYCJISHGAUNEFK
WYCPDGHSIAUNJFEK
JBXUO
JUXOB
JZBRQSGNWVKEDMT
BZQRJWNGVSKEMDT
IXRCPNJMG
IRXCJNPMG
AODBGZNEHMCIRVFKP
DBGOZAENMCRIHKFVP
ZDJFVRMYTHWLCIPA
ZDFRVMYJHTCLWIPA
MKZLQ
ZKQLM
EFJOARWS
ERAOJFWS
NQXLCGJRFYAPUTBOIWHSDKZV
CGJRLFYXAPQTUOBNISHKDWVZ
GLQISWNV
QIWSLGNV
QEBMNOVUCLTIHJZDPXYWRAKSFG
BMEVOUCNLQJHZIDTPWARYSKXGF
MXUTSQRJHW
TUXMRJQHSW
BMHYLQUNSJWZCKRXFIAVOPGTD
LNUQSYWJCKRZIFXAVHPOMTGBD
ULYOKCGJXISERWPZQTBAVDM
OKYCLJXGUSERIPWTQABDVZM
VENIFODPJKCURQH
IFNEOVJPKRUQCHD
OLSBWFKGQMI
BSLFKGWQMOI
FLCD
LFCD
ZXHAFKIRT
XHZKIFART
LRK
RKL
NPFXMSELQYBTHGIJD
NFMXPQLESTBHIGYDJ
XNISZKBVOM
INSZKXOMVB
OVBCNDIPAHXTSZEMYJ
OBCVIAHPXDNEZSTYMJ
BAHZME
HAEMZB
HGDIRCXLNPWOFTMKSUEAVBYJZQ
DGRLNPXWOCITMKFHUEASYBJZVQ
MFQHK
FHQKM
CZHDLIJVYPSNF
IJLDYPSVHZCNF
KEDCQINRXGTOZHABJVWLUPYFM
CIQDRNTOGXZEBVWJAHLKUYPFM
CWSFQEMYA
FQSWEYMAC
HXYPAIMWVT
XYHIMWAPVT
FBCDIARJUMEOTWXZNYGHLVPKS
BCFUJMROTEWANZXIYGDLVPHKS
YALUEVGW
AEUVLYWG
JUTNFSBAECPKVIDYZ
UNFBSAETPCJDIYVKZ
XPAU
PAXU
OTBI
TOIB
SWPOVQEMZLFUTX
PWSQEVZLMUFOXT
XZKTMEDFOL
XKEDMTZOFL
KPDRGNWAQYFXZUBL
KDRPWYQXFANUZGLB
XPZCNULEGAMQJDOYRSH
ZPNUCLMQAGJEDOXSRHY
DIAXZKBH
AIDZBKXH
YNBJZEWLGMIOUKDSVATHQCFXPR
NJBYWLGIMOEUZSDAVTKCQPRXFH
VQIYPUAZMGSXWNJCHFR
YIQUAZPGMXWNJSCVHRF
PAMRBJYWTNSZ
MAPRYWJTBSNZ
MCBVJYNLXRAZUQEPOSHTGFIWKD
BJVYCXLRNUQZAPOHTSEMIWKFGD
IYOJVQGWDMFNPTRA
JOQVYDMWGFINTPRA
FIWUETYZAC
IWFTEYUAZC
JWDTGYAMZFVEURNSIQL
JDWAYMZVFGETRUSNILQ
UITGMPNVJX
TIMGUNPJVX
YZOHWDBMQRATPLKNEUIJXVCFG
OZBMQRADTWNKLEUPJVXIHCYFG
GX
GX
FOJTZXYGHCKM
TJOXZFHCKGYM
SVWGTLKJOUZBEDYMHXAPQNFRI
GWTVLKSZBUEOHMYAXPDQJNRFI
EKAUCYMPZDFQXIWGHSLVJTB
AKCUYEZDPGWIHXQFSMJVBTL
XYNQLWRDZVGHPCMSAUBJKOEIF
WLQNVZDHGRYMSCABUPXOEKIJF
VSBAFKZHDXUEYCWJMIQGOLTP
SBVFHDZKUXAEWJCYQOGLITMP
YFUQTOGRZMLWPCVJDNHAXIES
UFGOZRMTLQCPVWYJHAIXNDES
VPYBNZADCQHGRFKTELWOXUIMJS
ZNADBHGQRCYTKEFWLPOUXIVMJS
DOTFIRNAKBCJEZUGLX
OTDIKACBNEJZRULGFX
BXOUYSEQMCIPNZLGTDRA
XBSYEUQMONZPLIGCDTAR
VOZDLKTGHAYCSMRIQPU
TKGLHDYAMSCZROPQIVU
QDHTZK
HTZDQK
HXJVURGDOITFBSAQP
XVJRGOIDUTFHQAPSB
DKIGSZFVEJTXH
DGSIEJVFTZKHX
XJZDUIPSR
XZJUDPIRS
XQICLHEFJSTMGUAZPBRVWDYNOK
LHCFEJITUGAZMBPSWVRQDYXONK
RACUWQS
WUQCARS
QPDKRWUMNYXCOLZGVJTEHI
RKUWMDYNXPOZLGVCTJQIHE
MOVHN
MHNVO
XMCPWRHZSAUYJVNBLTDI
RWHPCZMYUJASVLBNXDTI
HRJMDONPAZFTXBUGIC
DMOJRNHZABXUTGFICP
NSHKBFLYROWDQZTMUIPV
KFLBHYRSWOQDNTUIMVPZ
IPKVXLQSCEDAWZJBYNOMGH
VXKPCSDEQWALBJZIONHGMY
TVHUWPONLZM
VUHWPTNOZLM
NZLICYXPQKOFMTSUHDVEGARWJ
YCXPILZFOKTMQSNUVEDGHRAWJ
ICODHMLARWXZG
DOCIMALRWHZXG
FPBVZUHYQDOAWMKRLXSINJGE
PUYHZQVBDFAORKLSIXNMJGWE
RTKVJYOGHIQZCBW
RVOYJKTGHZQCWBI
BZF
BFZ
QZHRPAOV
ZQRHAOPV
FPZMADBRJEVUIHWYGONLXSTK
MADZBPFVEJIUROGYWNLXHKTS
IGUXRTHQFMLNVEASWJCPK
XUGRTHIMFLNQAESVWCJKP
CNEOIRQXF
CIOENQXRF
HAULFBIJMOC
ALUIBMJOFCH
WYHRFOXSQVCJDBMAPLZN
HYOQVSXFCRBMDPLANZJW
BCVKH
CBHKV
WGOLUPBAXJN
OLUGBPWXAJN
ECYMAFSIQN
FASMYICQNE
YNAH
NYHA
CTYAWMEXKONIHVSFDL
YATXKENOMIHWVCDFSL
QTKPAFIUOGVXHEN
TQIOUFAPHXVGKNE
NOHPQJBXE
PHJQBOEXN
ELRF
ELFR
JRHNDVOQIL
HNRDOVJIQL
BDCPI
DBIPC
TYSNGCKIP
YSNTGIKPC
ZP
PZ
GZ
ZG
TFZEHNQKPAWRMYLOC
QNHEPKZALYMRWFTOC
MCBESHGIYJR
MSHEBCIYGJR
HNGLRBWMUKQE
LRGNHMUWQKEB
ZQLORYKGXTNWDHUPFJIVESCB
LOQYKGXRHDWPUNFJTZVEICBS
EGUQVABMJCO
QUGEBAVCJOM
FIUZKWVHOTEPCL
ZUKIWFOHVCPELT
K
K
D
D
I
I
TL
TL
KLPGAOYZXEFBMTVRNWD
GAPLKEFXZMBYTRVNWOD
APJVHUZFSYBCQDWIGLTMENOKXR
PZUFSHBYVJCDQWGLITANEMKXOR
GOJYWEXKPNADMIRB
XEKWPYANJOGRIMDB
PVEQWZXFTYRHN
EVQPZWYTFRHXN
JXHMZIKBRAGEWFCDONLVPU
ZMHIXRABWEFGCKDOJNVLUP
STVOPBNFDGXQCMIEZYWHALUKRJ
PNBFODVGTXQSEIYZWMLAHUKJRC
GFAPDVSWIZERCMTBLKQJUOYXN
WSVDZIEPRCAMTBFKLJQGYONXU
VMSTX
MSVXT
SIKFAZERO
SKAFIZREO
NRCOPHSYTXQEMBZIVGU
RNHPYSOEQXTMBZCVIUG
XNZKJWI
NZXIWJK
PL
PL
MNBGXWCYUHQOZLDEKFPIJ
GXWBCNUYMLZODEQFKHIPJ
TZDNI
DZNTI
P
P
ENSJXOWFKBMTGI
NSXJEWKFOMTBIG
UFBOGTNQSACJM
UOGTBSQNFCJAM
PDRBZJXUTOVKIW
BRJXZTUDIKVOWP
FL
FL
BJYWTUSFRM
JBWTYURFSM
TXPICOFDLBKGWN
XPCOFIDTBGWKLN
LBWADECKYTZNUOJGMVFQIPXH
BWADLCTYZKGJOUVMFQNEXPIH
BAYDTMRQXZGN
TDMYRABGZXNQ
JXZQCAF
XJCQZFA
TKOGIVRZUAXLSPHJQYFNMB
TOKRZVUXASLPHJIQGMNFBY
YQU
YUQ
NPRDSHCBZYQGTWUO
RDPNHSYGQZBTWOUC
OETLKWSHAGVZC
LTEKWOSAVZGCH
]]></test_input>
<test_output><![CDATA[GDBEHFCA
ZYXWVUTSRQPONMLKJIHGFEDCBA
ZYXWVUTSRQPONMLKJIHGFEDCBA
A
EBNASCMGIHXYPZOLWVU
SAGEPDTRYJWV
VXKLRPMHUOZ
CLWTHIUERASPJVON
TAGFBYIVLPKZJSMHRWE
ELXUVNFWGS
QKMWCJFZNUP
DVXORALGZMCJTSPFWEIKYHBQ
YPWXZCLNOKHIVSM
WTCIXSDFAQMBVNEHGOJLZ
ZIVYXUCJSLRGKBQOTEMDH
PYDFWQKGMRAOZLE
PMC
SIMJDNWTQX
QWJUBCEPZMTHLSXFGRIAYOK
GCZQRDAPXSFLOTV
SCUVDHKNTJYQIMFXELRZO
HKVGBJISCWAPFQDEXYUNRMO
NXFGZDUCI
AIYV
QGFCZIHPXMOKRJ
TZVPMAXHYNGLSIQFE
WPMJNSXQFDHELKZBVRTGIYC
TWYHSFICKGAOMRZE
LZJXTAEDQSCUP
CGKWOF
BPCESNHQZKGVDAT
UBTVOSNZLGRW
RZEHG
HEYIFPXVANKT
BXJVUCDYG
PBNM
VFMLSKUOIRCYGAH
BKEVJLRTOXYZCPIUMGASFQDHNW
JLOKA
WNPVXYJDIUACOQHMTRGF
TKMBLSZAX
FBECIKQHOJWLZDYRPXGSVAMN
SFIAEKUQYJCDLHRXBVZTWGNMP
XQWSFEVKJGRCPZILOADH
SHEXIRFTJLPYDV
EM
RPKDTWVBSHEXOCMLYNQZFJAI
ECRPVBHTNMWF
RSCBPEAUTHKMFJZQIDWNV
BAOYEKCHFPLSTDX
YRVBMISUTGDZ
WEQYGCUSNBRPKDZX
M
GWBZUXMIET
ZANKVGFLRWYXSBIQHMEO
OBEKCRTUDYS
JASLCZHEOGRWD
ZJIPRCWONXLKDGM
PBNDYJARHLWKEQFGCXOUSZVI
ZXC
KGSUAPYWRCD
UOQRHSXCFKBMVJD
ONZK
JIFBQRKCEZ
SIQXCWGMEBJADZHRPVUOY
UCHVJBKGQX
KMLIAGJSCPYEZUNQDFTOHB
PXWHMSIGUE
VSXLDQFBRPONYAIECTHGWZKUJ
LZWHEXNGFQBIKARDPOCJUV
CYPWGHSNUAIFKEJD
UOXBJ
BQRZWNVGMTDEKSJ
RJNGMPCXI
GBDZOERICMKFPVHNA
RYMVFHCLAPIWTJDZ
ZQLKM
RAOJSWFE
RJGCYFLPAXTOBUQSKDHVZWIN
WSIQLVNG
MBVCUOLNEJZHDIARWSKYGFXPTQ
TUXJRHQWSM
NUSQLWRKCIFVAXZJYPOHTGMDB
KOCYXJGLRESPTADVBQMZWIU
FINOEJRQUHCKPDV
BSGKFMQWLIO
LDCF
HXIKFTRAZ
KRL
MXFQLETIGHBDJYSPN
IKZSNMOVBX
CBHAXPIDEZSYJMTNVO
HEMZAB
DPNLOWXCRKMTFIGAEUYZJBQVSH
HKQFM
JILSPYVDHZFNC
IQCROTGZXNDWVJBALHEYMFPUK
QFSYAMEWC
YXWMIATVPH
CBUMJTOWERNZXAGYIPVLSKHDF
EVULAWGY
BEASFNPCTUDYIVZKJ
APUX
TIBO
PWEQLZUFMVXTOS
DEMTKOLFZX
RDYXFQAWUZNLBGPK
ZUNQMAJGODELCPSHRYX
AIBKZHXD
JBNIOMGLWUESATVDCRPXFQHKZY
YIZAUGJNWXCSMPQRFHV
MAWYTJSZNBRP
JYVBXRLQUZTHSOPEANCKWIFDGM
JQVOMDWFGYTARPNI
WITYEACZUF
DAVFZMYEGRSLQINUTWJ
TMGINJXVPU
OARQMBTDNKUELVXJIPWCHZGFY
XG
TJXZOKCHGMYF
GTWKLVBZEUHMAPXYQDORIFNJS
ACYUKDZGWHIXQSFPJBTVLME
WLQVZHGDRNSMBUACPYEOIKFJX
BSDHZUXKFJWCOLGQTIPMYEAV
UGZMROLTCVPWQFIXAHNSEDJY
ZDANGHRQCBTEKWLFYUIXOPSJMV
TOKCBAEZJNLGURIXFD
XSEYMQUZNLPGIDARTCOB
TGKHLYMSCADRZPQIOUV
ZTHDKQ
VIODGRFTUJXQPASBH
SGJEVTFZIHXKD
ZUPRSIDJX
HLFJECUZAGBPMTWVRSIYDQOKNX
WQUCASR
RUMWKYXNDZVGLOTJCPIHEQ
NHVOM
RHWPZCYJUALBNVSMDITX
DOMJNRZBUXGTCIFAPH
LFBKRYHWQDOSIUVPMTZN
XVKCDESWAQBJZLPOHGMNYI
UPWHVNZMLOT
YPXCILFOTMKSQZEVGDRJWAHUN
DOCAWRLMZGXHI
YHUQZVDBPARISNXLKGJMEWOF
OYJVKZWBCQIHGTR
FZB
ZROAVPHQ
DAMBZPVEIUJOGYXLNWKTSHRF
XUHTRGMNLFASECKPJWVQI
IOEXQFRNC
LIMOJBCFUAH
HVQSXOCFMBLPNZADJRYW
CHKVB
ULOBPGXNJAW
FSAMIYNQCE
NHAY
AYKXNOEHIMVWTDFLSC
TOUIFAHXVGPNEKQ
PJBQHEXON
FRLE
NHOVDRILQJ
DIPCB
NSYIPKCGT
PZ
ZG
QNHPKELYMRWAZFCOT
HSEBYIRJGCM
RLGNUMQEKWBH
OLXGKYHDPUWJFNTRQEVBCSIZ
QUGBACOJMVE
ZKUWIOHCPLETVF
K
D
I
LT
AGPLFEXMBZRWNVTYDOK
ZSFUBYHVDLGTIWQCJPNEXKROMA
XKEPWANYJORIMBDG
EQVZYTHRFNXWP
ZMIHARWFECGBODKXVUPLNJ
NFBPDOGVQXTEYWZILAJRKUHMCS
WSVZEIDCRPBTMAKJQLFYNXOUG
SMXTV
AFKROEZIS
RHYSPEQXZBMTOVUGICN
ZNIWJKX
LP
WXGCBUYNLZEDOFKQIJPHM
DNZIT
P
XJSNKFWTMIGBOE
TGOSQNBJCMAFU
BXJTUZRIKVWODP
LF
JTWRFMSUYB
FOCDIPXWGKBNLT
DAWBTZYGJOVQFMUNKCXPHIEL
TMDRYAGZNXQB
XCQFAZJ
OZRXSJHPLAUVQIMNBFYGKT
UQY
DRPHGQYZOUWTBCSN
LTWKEZVCGAHSO
]]></test_output>
<hint><![CDATA[]]></hint>
<source><![CDATA[名校复试机考真题-西安电子科技大学]]></source>
		<solution language="C"><![CDATA[#include<stdio.h>
#include<string.h>
char s1[32],s2[32];
void cal(int a1,int a2,int len)
{
	if(len<=0)return;
	int i;
	for(i=0;i<len&&s2[a2+i]!=s1[a1];i++);
	cal(a1+1,a2,i);
	cal(a1+i+1,a2+i+1,len-i-1);
	putchar(s1[a1]);
}
int main()
{
	int n;
	while(scanf("%s %s",&s1,&s2)!=EOF)
	{
		n = strlen(s1);
		cal(0,0,n);
		puts("");
	}
	return 0;
}]]></solution>
			<solution language="C++"><![CDATA[#include<stdio.h>
#include<string.h>

char s1[32],s2[32];

void cal(int a1,int a2,int len) {
	if (len<=0) return ;
	int i;
	for(i=0;i<len && s2[a2+i]!=s1[a1];i++);
	cal(a1+1,a2,i);
	cal(a1+i+1,a2+i+1,len-i-1);
	putchar(s1[a1]);
}

int main() {
	int n;
	while(scanf("%s %s",s1,s2)!=EOF) {
		n=strlen(s1);
		cal(0,0,n);
		puts("");
	}
	return 0;
}
]]></solution>
	</item>
</fps>
