<?xml version="1.0" encoding="UTF-8"?>   
<fps version="1.2" url="https://github.com/zhblue/freeproblemset/">
	<generator name="HUSTOJ" url="https://github.com/zhblue/hustoj/"/>
	<item>
<title><![CDATA[二叉树遍历2]]></title>
<time_limit unit="s"><![CDATA[1]]></time_limit>
<memory_limit unit="mb"><![CDATA[32]]></memory_limit>

<description><![CDATA[<p>
	二叉树的前序、中序、后序遍历的定义：<br />
前序遍历：对任一子树，先访问跟，然后遍历其左子树，最后遍历其右子树；<br />
中序遍历：对任一子树，先遍历其左子树，然后访问根，最后遍历其右子树；<br />
后序遍历：对任一子树，先遍历其左子树，然后遍历其右子树，最后访问根。<br />
给定一棵二叉树的前序遍历和中序遍历，求其后序遍历（提示：给定前序遍历与中序遍历能够唯一确定后序遍历）。
</p>]]></description>
<input><![CDATA[<p>
	两个字符串，其长度n均小于等于26。<br />
第一行为前序遍历，第二行为中序遍历。<br />
二叉树中的结点名称以大写字母表示：A，B，C....最多26个结点。
</p>]]></input> 
<output><![CDATA[<p>
	输入样例可能有多组，对于每组测试样例，<br />
输出一行，为后序遍历的字符串。
</p>]]></output>
<sample_input><![CDATA[ABC
CBA
ABCDEFG
DCBAEFG
]]></sample_input>
<sample_output><![CDATA[CBA
DCBGFEA
]]></sample_output>
  <test_input><![CDATA[ABC
CBA
ABCDEFG
DCBAEFG
CDEFHJIK
EFDCJIHK
ABCDEFGHIJKLMNOPQRSTUVWXYZ
EFDCGHBIJKLAPQOSTRNVWXYUMZ
]]></test_input>
<test_output><![CDATA[CBA
DCBGFEA
FEDIJKHC
FEDHGCLKJIBQPTSROYXWVUNZMA
]]></test_output>
<hint><![CDATA[]]></hint>
<source><![CDATA[算法笔记 数据结构高分笔记]]></source>
		<solution language="C"><![CDATA[#include <stdio.h>
#include <stdlib.h>
#include <string.h>
typedef struct BTNode{
	char data;
	struct BTNode *left,*right;
}BTNode,*BTree;
void build(BTree *t,char *pre,char *in,int len){
	if (len<=0)
	{
		*t=NULL;
		return;
	}
	int pos=strchr(in,pre[0])-in;
	*t=(BTNode *)malloc(sizeof(BTNode));
	(*t)->data=*pre;
	build(&(*t)->left,pre+1,in,pos);
	build(&(*t)->right,pre+pos+1,in+pos+1,len-pos-1);
}
void postorder(BTree t){
	if (t)
	{
		postorder(t->left);
		postorder(t->right);
		printf("%c",t->data);
	}
}
void clean(BTree *t){
	if (*t)
	{
		clean(&(*t)->left);
		clean(&(*t)->right);
		free(*t);
	}
}
int main(){
	BTree root;
	char pre[30],in[30];
//	freopen("1.txt","r",stdin);
	while (scanf("%s %s",pre,in)!=EOF)
	{
		build(&root,pre,in,strlen(pre));
		postorder(root);
		clean(&root);
		printf("\n");
	}
//	fclose(stdin);
	return 0;
}]]></solution>
			<solution language="C++"><![CDATA[#include <stdio.h>
#include <string.h>
void run(char a[],char b[])
{
	int i,n,j;
	char c[33],d[33];
	n=strlen(a)-1;
	if(n<=0)
	{
		printf("%s",a);
		return;
	}
	i=0;
	while(b[i]!=a[0])
		i++;
	for(j=0;j<i;j++)
	{
		c[j]=a[j+1];
		d[j]=b[j];
	}
	c[i]=0;
	d[i]=0;
	run(c,d);
	for(j=0;j<n-i;j++)
	{
		c[j]=a[j+i+1];
		d[j]=b[j+i+1];
	}
	c[n-i]=0;
	d[n-i]=0;
	run(c,d);
	printf("%c",a[0]);
}
int main()
{
	char a[33],b[33];
	scanf("%s",a);
	while(strcmp(a,"")!=0)
	{
		scanf("%s",b);
		run(a,b);
		printf("\n");
		strcpy(a,"");
		scanf("%s",a);
	}
	return 0;
}]]></solution>
			<solution language="Python"><![CDATA[# -*- coding: utf-8 -*-
import sys

class BTree:
    '''
    Represent a no in a binary tree.
    '''
    def __init__(self, c='/0', l=None, r=None):
        '''
        Initializes the node's data
        '''
        self.e = c
        self.left = l
        self.right = r
        
def preorderTraverse(bt):
    '''
    返回前序遍历结果
    '''
    if bt:
        return '%s%s%s' % (bt.e, preorderTraverse(bt.left), preorderTraverse(bt.right))
    return ''
def inorderTraverse(bt):
    '''
    返回中序遍历结果
    '''
    if bt:
        return '%s%s%s' % (inorderTraverse(bt.left), bt.e, inorderTraverse(bt.right))
    return '';
def postorderTraverse(bt):
    '''
    返回后序遍历结果
    '''
    if bt:
        return '%s%s%s' % (postorderTraverse(bt.left), postorderTraverse(bt.right), bt.e)
    return ''
def printBTree(bt, depth):
    '''
    递归打印这棵二叉树，*号表示该节点为NULL
    '''
    '''
    if not bt:
        ch = '*'
    else:
        ch = bt.e
    '''
    #ch=(lambda x: (x and x.e) or '*')(bt)
    ch = bt.e if bt else '*'
    if(depth > 0):
        print '%s%s%s' % ((depth - 1) * '  ', '--', ch)
    else:
        print ch
    if not bt:
        return
    printBTree(bt.left, depth + 1)
    printBTree(bt.right, depth + 1)
def buildBTreeFromPreIn(preo, ino):
    '''
    根据前序和中序遍历结果重构这棵二叉树
    '''
    if(preo == '' or ino == ''):
        return None
    pos = ino.find(preo[0])
    if(pos < 0):
        return None        
    return BTree(preo[0], buildBTreeFromPreIn(preo[1:pos + 1], ino[0:pos]), buildBTreeFromPreIn(preo[pos + 1:], ino[pos + 1:]))

Alist = []
for line in sys.stdin:
      a = line.split()[0]
      Alist.append(a)
      if len(Alist) == 2:
         preo,ino = Alist[0],Alist[1]
         bt = buildBTreeFromPreIn(preo, ino)
         print postorderTraverse(bt)
         Alist=[]
      
     ]]></solution>
	</item>
</fps>
