<?xml version="1.0" encoding="UTF-8"?>   
<fps version="1.2" url="https://github.com/zhblue/freeproblemset/">
	<generator name="HUSTOJ" url="https://github.com/zhblue/hustoj/"/>
	<item>
<title><![CDATA[判断三角形类型]]></title>
<time_limit unit="s"><![CDATA[1]]></time_limit>
<memory_limit unit="mb"><![CDATA[32]]></memory_limit>

<description><![CDATA[<p>
	<span style="color:#333333;font-family:'MicroSoft Yahei', Helvetica, Arial, Georgia, Simsun;font-size:14px;line-height:25px;">给定三角形的三条边，a,b,c。判断该三角形类型。</span>
</p>]]></description>
<input><![CDATA[<p>
	<span style="color:#333333;font-family:'MicroSoft Yahei', Helvetica, Arial, Georgia, Simsun;font-size:14px;line-height:25px;">测试数据有多组，每组输入三角形的三条边。</span>
</p>]]></input> 
<output><![CDATA[<p>
	<span style="color:#333333;font-family:'MicroSoft Yahei', Helvetica, Arial, Georgia, Simsun;font-size:14px;line-height:25px;">对于每组输入,输出直角三角形、锐角三角形、或是钝角三角形。</span>
</p>]]></output>
<sample_input><![CDATA[6 8 10]]></sample_input>
<sample_output><![CDATA[直角三角形]]></sample_output>
  <test_input><![CDATA[3 4 5
3 5 4
5 3 4
18 8 16
12 11 10
15 20 18
13 12 13
13 8 7
12 11 5
19 16 12
12 20 14
16 4 19
9 16 11
20 16 9
6 9 10
19 20 16
16 19 6
14 12 20
19 20 13
13 20 15
7 14 8
11 19 20
8 4 7
19 13 11
13 3 15
8 3 10
18 18 15
17 19 6
5 13 17
13 8 10
18 18 18
9 7 6
19 20 14
15 9 10
17 6 17
4 8 8
17 4 16
12 19 18
10 9 12
19 13 17
13 12 2
3 12 10
9 12 18
18 11 17
3 4 4
12 3 13
20 10 12
14 17 19
18 6 20
15 14 10
16 7 19
9 7 14
19 15 14
12 16 14
13 15 8
10 18 9
19 11 13
17 10 12
8 17 19
14 12 7
19 17 11
16 19 9
9 5 10
18 16 10
9 17 10
5 17 20
2 14 13
11 19 20
14 20 8
5 8 6
17 17 20
6 12 15
4 16 14
14 11 4
13 9 6
18 15 4
20 20 2
18 6 15
14 15 19
5 12 9
18 13 19
3 6 4
9 4 8
12 13 9
18 18 14
14 16 12
11 7 14
17 17 1
19 16 19
12 13 7
8 14 17
17 15 7
4 6 4
8 12 15
6 13 12
18 13 14
17 10 18
19 17 15
6 8 10
17 3 17
]]></test_input>
<test_output><![CDATA[直角三角形
直角三角形
直角三角形
钝角三角形
锐角三角形
锐角三角形
锐角三角形
钝角三角形
锐角三角形
锐角三角形
钝角三角形
钝角三角形
钝角三角形
钝角三角形
锐角三角形
锐角三角形
钝角三角形
钝角三角形
锐角三角形
钝角三角形
钝角三角形
锐角三角形
锐角三角形
钝角三角形
钝角三角形
钝角三角形
锐角三角形
钝角三角形
钝角三角形
钝角三角形
锐角三角形
锐角三角形
锐角三角形
钝角三角形
锐角三角形
锐角三角形
钝角三角形
锐角三角形
锐角三角形
锐角三角形
钝角三角形
钝角三角形
钝角三角形
锐角三角形
锐角三角形
钝角三角形
钝角三角形
锐角三角形
钝角三角形
锐角三角形
钝角三角形
钝角三角形
锐角三角形
锐角三角形
锐角三角形
钝角三角形
钝角三角形
钝角三角形
钝角三角形
钝角三角形
锐角三角形
钝角三角形
锐角三角形
锐角三角形
钝角三角形
钝角三角形
钝角三角形
锐角三角形
钝角三角形
钝角三角形
锐角三角形
钝角三角形
钝角三角形
钝角三角形
钝角三角形
钝角三角形
锐角三角形
钝角三角形
锐角三角形
钝角三角形
锐角三角形
钝角三角形
钝角三角形
锐角三角形
锐角三角形
锐角三角形
钝角三角形
锐角三角形
锐角三角形
锐角三角形
钝角三角形
钝角三角形
钝角三角形
钝角三角形
锐角三角形
锐角三角形
锐角三角形
锐角三角形
直角三角形
锐角三角形
]]></test_output>
<hint><![CDATA[<p class="MsoNormal"><span style="font-family:宋体;mso-ascii-font-family:Calibri;
mso-hansi-font-family:Calibri">注意</span><span style="font-family: 宋体; color: rgb(51, 51, 51); background-position: initial initial; background-repeat: initial initial;">测试数据一定可构成三角形，三条边的边长并非按递增或递减顺序给出。</span><span lang="EN-US"><o:p></o:p></span></p>
<p></p>]]></hint>
<source><![CDATA[名校复试机考真题-哈尔滨工业大学]]></source>
		<solution language="C"><![CDATA[#include<stdio.h>
int main()
{
	int a[3],t,i,j;
	while(scanf("%d%d%d",&a[0],&a[1],&a[2])!=EOF)
	{
		for(i=0;i<3;i++)
			for(j=i;j<3;j++)
				if(a[i]>a[j]){t=a[i];a[i]=a[j];a[j]=t;}
		if(a[0]*a[0]+a[1]*a[1]==a[2]*a[2])printf("直角三角形\n");
		else if(a[0]*a[0]+a[1]*a[1]>a[2]*a[2])printf("锐角三角形\n");
		else printf("钝角三角形\n");
	}
	return 0;
}]]></solution>
			<solution language="C++"><![CDATA[#include<cstdio>
#include<algorithm>
using namespace std;

int main()
{
	double n[3];
	while(scanf("%lf%lf%lf",&n[0],&n[1],&n[2])!=EOF)
	{
		sort(n,n+3);
		if(n[0]*n[0]+n[1]*n[1]==n[2]*n[2])
			puts("直角三角形");
		else if(n[0]*n[0]+n[1]*n[1]>n[2]*n[2])
			puts("锐角三角形");
		else
			puts("钝角三角形");
	}
	return 0;
}]]></solution>
			<solution language="Java"><![CDATA[import java.util.*;
public class Main {
	public static void main(String[]args){
		Scanner cin=new Scanner(System.in);
		int[]a=new int[3];
		while(cin.hasNext()){
			a[0]=cin.nextInt();
			a[1]=cin.nextInt();
			a[2]=cin.nextInt();
			Arrays.sort(a);
			int sum=a[0]*a[0]+a[1]*a[1]-a[2]*a[2];
			String s;
			if(sum<0)
				s="钝角三角形";
			else if(sum>0)
				s="锐角三角形";
			else
				s="直角三角形";
			System.out.println(s);
		}
		cin.close();
	}
}
]]></solution>
	</item>
</fps>
