<?xml version="1.0" encoding="UTF-8"?>   
<fps version="1.2" url="https://github.com/zhblue/freeproblemset/">
	<generator name="HUSTOJ" url="https://github.com/zhblue/hustoj/"/>
	<item>
<title><![CDATA[《C语言程序设计》江宝钏主编-习题6-8-斐波那契部分和]]></title>
<time_limit unit="s"><![CDATA[1]]></time_limit>
<memory_limit unit="mb"><![CDATA[128]]></memory_limit>

<description><![CDATA[<p>编写升序输出m和n之间所有的Fibonacci数。要求定义并调用函数fib(n)，它的功能是返回第n项Fibonacci数。</p>
<p>例如，fib(7)返回13</p>
<p></p>
<p>*Fibonacci={1,1,2,3,5,8,13,................}</p>
<p><span style="font-size: xx-large">a<sub>n</sub>=a<sub>n-1</sub>+a<sub>n-2</sub></span></p>]]></description>
<input><![CDATA[<p><br />
</p>
<p>两个数m和n</p>]]></input> 
<output><![CDATA[<p>所有属于闭区间[m,n]即大于等于m,小于等于n的斐波那契数的和。</p>]]></output>
<sample_input><![CDATA[2 5]]></sample_input>
<sample_output><![CDATA[10]]></sample_output>
  <test_input><![CDATA[10 100]]></test_input>
<test_output><![CDATA[212]]></test_output>
<hint><![CDATA[]]></hint>
<source><![CDATA[]]></source>
		<solution language="C"><![CDATA[#include <stdio.h>
int fib(int x);
int main(void)
{
	int sum,m,n,i,x;
	scanf("%d%d",&m,&n);
	for (i=1;;i++)
	{
		x=fib(i);
		if(x>=m&&x<=n)
		sum+=x;
		else if(x>n)
		break;
	}
	printf ("%d",sum);
	return 0;
}
int fib(int x)
{
	int a[3],i,j,sum;
	a[0]=1,a[1]=1,a[2]=2;
	if (x==1)
	return 1;
	if (x==2)
	return 1;
	if (x==3)
	return 2;
	for (i=4;i<=x;i++)
	{
		a[0]=a[1];
		a[1]=a[2];
		a[2]=a[0]+a[1];	
	}
	return a[2];
}]]></solution>
			<solution language="C++"><![CDATA[#include<iostream>
using namespace std;
int fib(int n)	//递归
{
	if (n==1 || n==2) return 1;
	int f1=1,f2=1,f;
	for (int i=3; i<=n; i++)
		{ f=f1; f1=f2; f2+=f; }
	return f2;
}
int main()
{
	int m,n,i=1,t,sum=0;
	cin>>m>>n;
	do
	{
		t=fib(i++);
		if (t>=m && t<=n) sum+=t;
	} while (t<n);
	cout<<sum<<endl;
	return 0;
}]]></solution>
	</item>
</fps>
