<?xml version="1.0" encoding="UTF-8"?>   
<fps version="1.2" url="https://github.com/zhblue/freeproblemset/">
	<generator name="HUSTOJ" url="https://github.com/zhblue/hustoj/"/>
	<item>
<title><![CDATA[C语言5.1]]></title>
<time_limit unit="s"><![CDATA[1]]></time_limit>
<memory_limit unit="mb"><![CDATA[32]]></memory_limit>

<description><![CDATA[<p>
	读入两个实数，按照代数值由小到大的顺序输出这两个数。
</p>]]></description>
<input><![CDATA[<p>
	两个用空格隔开的实数。
</p>]]></input> 
<output><![CDATA[<p>
	按由小到大的顺序输出这两个实数，用空格隔开，并保留两位小数。<br />
请注意行尾输出换行。
</p>]]></output>
<sample_input><![CDATA[12.51 8.26]]></sample_input>
<sample_output><![CDATA[8.26 12.51
]]></sample_output>
  <test_input><![CDATA[1256.23 239.49
]]></test_input>
<test_output><![CDATA[239.49 1256.23
]]></test_output>
<hint><![CDATA[]]></hint>
<source><![CDATA[教学题-C语言]]></source>
		<solution language="C"><![CDATA[#include<stdio.h>
int main(){
double a,b;
	scanf("%lf %lf",&a,&b);
if(a>b)
		  printf("%.2lf %.2lf",b,a);
else 
  printf("%.2lf %.2lf",a,b);
	return 0;
}]]></solution>
			<solution language="C++"><![CDATA[#include <stdio.h>
int main() {
	float a, b;
	scanf("%f %f", &a, &b);
	if (a < b)
		printf("%.2f %.2f\n", a, b);
	else
		printf("%.2f %.2f\n", b, a);
	return 0;
}
]]></solution>
			<solution language="Pascal"><![CDATA[uses math;
var
  a,b:double;
begin
  readln(a,b);
  writeln(min(a,b):0:2,' ',max(a,b):0:2);
end.]]></solution>
			<solution language="Java"><![CDATA[import java.util.*;
public class Main {
	public static void main(String args[]) {
		Scanner cin=new Scanner(System.in);
		double a=cin.nextDouble();
		double b=cin.nextDouble();
		System.out.printf("%.2f %.2f\n", Math.min(a, b),Math.max(a, b));
	}
}]]></solution>
			<solution language="Python"><![CDATA[a,b = [float(x) for x in raw_input().split()]
print "%.2f %.2f" %(min(a,b),max(a,b))]]></solution>
	</item>
</fps>
