<?xml version="1.0" encoding="UTF-8"?>   
<fps version="1.2" url="https://github.com/zhblue/freeproblemset/">
	<generator name="HUSTOJ" url="https://github.com/zhblue/hustoj/"/>
	<item>
<title><![CDATA[C语言6.19]]></title>
<time_limit unit="s"><![CDATA[1]]></time_limit>
<memory_limit unit="mb"><![CDATA[32]]></memory_limit>

<description><![CDATA[<p>
	猴子吃桃问题。猴子第一天摘下若干个桃子，当即吃了一半，还不过瘾，又多吃了一个。第二天早晨又将剩下的桃子吃掉一半，又多吃了一个。以后每天早晨都吃了前一天剩下的一半零一个。到第n天早晨想再吃时，就只剩下一个桃子了。求第一天共摘了多少个桃子。
</p>]]></description>
<input><![CDATA[<p>
	一个正整数n。
</p>]]></input> 
<output><![CDATA[<p>
	输出第一天共摘了多少个桃子。<br />
请注意行尾输出换行。
</p>]]></output>
<sample_input><![CDATA[10]]></sample_input>
<sample_output><![CDATA[1534
]]></sample_output>
  <test_input><![CDATA[12
]]></test_input>
<test_output><![CDATA[6142
]]></test_output>
<hint><![CDATA[]]></hint>
<source><![CDATA[教学题-C语言]]></source>
		<solution language="C"><![CDATA[#include<stdio.h>
int main(){
int n,i;
  int sum=1;
  scanf("%d",&n);
  for(i=1;i<n;i++){
    sum=2*(sum+1);
  }
  printf("%d\n",sum);
  return 0;
}]]></solution>
			<solution language="C++"><![CDATA[#include <stdio.h>
int main() {
	int i, n, tot;
	tot = 1;
	scanf("%d", &n);
	for (i = n;i > 1;i--) {
		tot = (tot + 1) * 2;
	}
	printf("%d\n", tot);
	return 0;
}
]]></solution>
			<solution language="Pascal"><![CDATA[var
  n,s,i:longint;
begin
  readln(n);
  s:=1;
  for i:=1 to n-1 do
  s:=(s+1)*2;
  writeln(s);
end.
]]></solution>
			<solution language="Java"><![CDATA[import java.util.*;
public class Main {
    public static void main(String args[]) {
        Scanner cin=new Scanner(System.in);
        int n=cin.nextInt();
        int[] a=new int[100];
        a[0]=1;
        for(int i=1;i<n;i++)
            a[i]=2*(a[i-1]+1);
        System.out.println(a[n-1]);
    }
}]]></solution>
			<solution language="Python"><![CDATA[def peachs(n):
    if n == 1:
        ps = 1
    else :
        ps = ((peachs(n-1))+1)*2
    return ps
    
t = int(raw_input())
print peachs(t)
]]></solution>
	</item>
</fps>
