<?xml version="1.0" encoding="UTF-8"?>   
<fps version="1.2" url="https://github.com/zhblue/freeproblemset/">
	<generator name="HUSTOJ" url="https://github.com/zhblue/hustoj/"/>
	<item>
<title><![CDATA[xxx定律]]></title>
<time_limit unit="s"><![CDATA[1]]></time_limit>
<memory_limit unit="mb"><![CDATA[32]]></memory_limit>

<description><![CDATA[<p>
	<span style="color:#333333;font-family:'MicroSoft Yahei', Helvetica, Arial, Georgia, Simsun;font-size:14px;line-height:25px;">对于一个数n，如果是偶数，就把n砍掉一半；如果是奇数，把n变成 3*n+ 1后砍掉一半，直到该数变为1为止。</span><br />
<span style="color:#333333;font-family:'MicroSoft Yahei', Helvetica, Arial, Georgia, Simsun;font-size:14px;line-height:25px;">请计算需要经过几步才能将n变到1，具体可见样例。</span>
</p>]]></description>
<input><![CDATA[<p>
	<span style="color:#333333;font-family:'MicroSoft Yahei', Helvetica, Arial, Georgia, Simsun;font-size:14px;line-height:25px;">测试包含多个用例，每个用例包含一个整数n,当n为0 时表示输入结束。（1&lt;=n&lt;=10000）</span>
</p>]]></input> 
<output><![CDATA[<p>
	<span style="color:#333333;font-family:'MicroSoft Yahei', Helvetica, Arial, Georgia, Simsun;font-size:14px;line-height:25px;">对于每组测试用例请输出一个数，表示需要经过的步数,每组输出占一行。</span>
</p>]]></output>
<sample_input><![CDATA[2
7
0
]]></sample_input>
<sample_output><![CDATA[1
11
]]></sample_output>
  <test_input><![CDATA[42
8469
6335
6503
9171
5726
1480
9361
6965
4467
5706
8148
3284
6829
9962
492
2996
1944
4828
5437
0
]]></test_input>
<test_output><![CDATA[7
26
100
43
99
54
33
34
24
90
22
37
23
97
61
33
34
65
49
46
]]></test_output>
<hint><![CDATA[]]></hint>
<source><![CDATA[名校复试机考真题-浙江大学]]></source>
		<solution language="C"><![CDATA[#include<stdio.h>
#include<string.h>
int main()
{
    int x,s=0;

    while(scanf("%d",&x),x)
    {

        for(s=0;x>1;)
        {
            if(x%2==0)
            {
                x=x/2;
                s++;

            }else
            {
                x=3*x+1;
                x=x/2;
                s++;
            }
        }
        printf("%d\n",s);
    }
}
]]></solution>
			<solution language="C++"><![CDATA[#include <cstdio>

int cal(int x) {
    if (1 == x)
        return 0;
    if (x & 1) x = x * 3 + 1;
    return cal(x / 2) + 1;
}

int main() {
    //freopen("data.in", "r", stdin);
    //freopen("data.out", "w", stdout);
    int n;
    while (EOF != scanf("%d", &n)) {
        if (0 == n)
            break;
        printf("%d\n", cal(n));
    }
    return 0;
}
]]></solution>
			<solution language="Java"><![CDATA[import java.util.Scanner;
public class Main{
  public static void main(String[] args){
    int n, i;
    Scanner in=new Scanner(System.in);
    while(in.hasNextInt()){
      n = in.nextInt();
      if(n == 0)
        System.exit(0);
      for(i = 0; n != 1; i++){
        if(n % 2 == 0)
          n /= 2;
        else
          n = (3 * n + 1) / 2;
      }
      System.out.println(i);
    }
  }
}]]></solution>
	</item>
</fps>
