<?xml version="1.0" encoding="UTF-8"?>   
<fps version="1.2" url="https://github.com/zhblue/freeproblemset/">
	<generator name="HUSTOJ" url="https://github.com/zhblue/hustoj/"/>
	<item>
<title><![CDATA[3.1.4 Shaping Regions形成的区域]]></title>
<time_limit unit="s"><![CDATA[1]]></time_limit>
<memory_limit unit="mb"><![CDATA[128]]></memory_limit>

<description><![CDATA[<p style="text-align:center;font-family:sans-serif;font-size:13px;background-color:#FFFFFF;">
	<span><span style="font-size:16px;"><strong>3.1.4 Shaping Regions形成的区域</strong></span><span style="font-size:16px;"><strong></strong></span><br />
</span>
</p>
<p style="text-align:center;font-family:sans-serif;font-size:13px;background-color:#FFFFFF;">
	<span><span style="font-size:16px;"><strong>(</strong></span><span style="font-family:sans-serif;line-height:24px;background-color:#FFFFFF;font-size:16px;"><strong>rect1.pas/c/cpp</strong></span><span style="font-size:16px;"><strong></strong></span><span style="font-size:16px;"><strong>)</strong></span></span>
</p>
<p style="font-family:sans-serif;font-size:13px;background-color:#FFFFFF;">
	<span style="font-size:16px;"><br />
</span>
</p>
<p style="font-family:sans-serif;font-size:13px;background-color:#FFFFFF;">
	<span style="font-size:16px;">N个不同的颜色的不透明的长方形(1 &lt;= N &lt;= 1000)被放置在一张横宽为A竖长为B的白纸上。 这些长方形被放置时，保证了它们的边与白纸的边缘平行。 所有的长方形都放置在白纸内，所以我们会看到不同形状的各种颜色。 坐标系统的原点(0,0)设在这张白纸的左下角，而坐标轴则平行于边缘。</span>
</p>
<h2 style="background-color:#FFFFFF;font-weight:normal;font-size:19px;font-family:sans-serif;">
	<span class="mw-headline" id=".E6.A0.BC.E5.BC.8F" style="font-size:16px;">格式</span>
</h2>
<p style="font-family:sans-serif;font-size:13px;background-color:#FFFFFF;">
	<b><span style="font-size:16px;">PROGRAM NAME</span></b><span style="font-size:16px;">: rect1</span>
</p>
<p style="font-family:sans-serif;font-size:13px;background-color:#FFFFFF;">
	<b><span style="font-size:16px;">INPUT FORMAT</span></b><span style="font-size:16px;">:</span>
</p>
<p style="font-family:sans-serif;font-size:13px;background-color:#FFFFFF;">
	<span style="font-size:16px;">(file rect1.in)</span>
</p>
<p style="font-family:sans-serif;font-size:13px;background-color:#FFFFFF;">
	<span style="font-size:16px;">按顺序输入放置长方形的方法。第一行输入的是那个放在底的长方形(即白纸)。</span>
</p>
<p style="font-family:sans-serif;font-size:13px;background-color:#FFFFFF;">
	<span style="font-size:16px;">第 1 行: A ， B 和 N由空格分开 (1 &lt;=A, B&lt;=10,000)</span>
</p>
<p style="font-family:sans-serif;font-size:13px;background-color:#FFFFFF;">
	<span style="font-size:16px;">第 2 到N+1行: 为五个整数　llx, lly, urx, ury, color　这是一个长方形的左下角坐标，右上角坐标(x+1,y+1)和颜色。</span>
</p>
<p style="font-family:sans-serif;font-size:13px;background-color:#FFFFFF;">
	<span style="font-size:16px;">颜色 1和底部白纸的颜色相同。 (1 &lt;= color &lt;= 2500)</span>
</p>
<p style="font-family:sans-serif;font-size:13px;background-color:#FFFFFF;">
	<b><span style="font-size:16px;">OUTPUT FORMAT</span></b><span style="font-size:16px;">：</span>
</p>
<p style="font-family:sans-serif;font-size:13px;background-color:#FFFFFF;">
	<span style="font-size:16px;">(file rect1.out)</span>
</p>
<p style="font-family:sans-serif;font-size:13px;background-color:#FFFFFF;">
	<span style="font-size:16px;">输出且仅输出所有能被看到颜色，和该颜色的总面积(可以由若干个不连通的色块组成)，按color增序排列。</span>
</p>
<h2 style="background-color:#FFFFFF;font-weight:normal;font-size:19px;font-family:sans-serif;">
	<span class="mw-headline" id="SAMPLE_INPUT" style="font-size:16px;">SAMPLE INPUT</span>
</h2>
<pre>20 20 3
2 2 18 18 2
0 8 19 19 3
8 0 10 19 4
</pre>
<p style="font-family:sans-serif;font-size:13px;background-color:#FFFFFF;">
	<span style="font-size:16px;">.......</span>
</p>
<h2 style="background-color:#FFFFFF;font-weight:normal;font-size:19px;font-family:sans-serif;">
	<span class="mw-headline" id="SAMPLE_OUTPUT" style="font-size:16px;">SAMPLE OUTPUT</span>
</h2>
<pre>1 91
2 84
3 187
4 38
</pre>
<h2 style="background-color:#FFFFFF;font-weight:normal;font-size:19px;font-family:sans-serif;">
	<span class="mw-headline" id="INPUT_EXPLANATION" style="font-size:16px;">INPUT EXPLANATION</span>
</h2>
<p style="font-family:sans-serif;font-size:13px;background-color:#FFFFFF;">
	<span style="font-size:16px;">请注意：被(0,0)和(2,2)所描绘的是2个单位宽、2个单位高的区域</span>
</p>
<p style="font-family:sans-serif;font-size:13px;background-color:#FFFFFF;">
	<span style="font-size:16px;">这里有一个示意图输入：</span>
</p>
<pre>11111111111111111111
33333333443333333331
33333333443333333331
33333333443333333331
33333333443333333331
33333333443333333331
33333333443333333331
33333333443333333331
33333333443333333331
33333333443333333331
33333333443333333331
33333333443333333331
11222222442222222211
11222222442222222211
11222222442222222211
11222222442222222211
11222222442222222211
11222222442222222211
11111111441111111111
11111111441111111111
</pre>
<p style="font-family:sans-serif;font-size:13px;background-color:#FFFFFF;">
	<span style="font-size:16px;">'4'在(8,0)与(10,19)形成的是宽为2的区域,而不是3.（也就是说，4形成的区域包含(8,0)和(8,1) ，而不是(8,0)和(8,2)） 。</span>
</p>
<h2 style="background-color:#FFFFFF;font-weight:normal;font-size:19px;font-family:sans-serif;">
	<span class="mw-headline" id="HINTS.28.E8.B0.A8.E6.85.8E.E5.9C.B0.E4.BD.BF.E7.94.A8.E5.AE.83.E4.BB.AC.EF.BC.81.29" style="font-size:16px;">HINTS(谨慎地使用它们！)</span>
</h2>
<p style="font-family:sans-serif;font-size:13px;background-color:#FFFFFF;">
	<span style="font-size:16px;">HINT 1</span>
</p>
<p style="font-family:sans-serif;font-size:13px;background-color:#FFFFFF;">
	<span style="font-size:16px;">一个记录所有点的数组太大了；内存最大16MB。</span>
</p>
<p style="font-family:sans-serif;font-size:13px;background-color:#FFFFFF;">
	<span style="font-size:16px;">掌握长方形的坐标动向，当发生覆盖时把长方形分开。</span>
</p>
<p style="font-family:sans-serif;font-size:13px;background-color:#FFFFFF;">
	<br />
</p>
<pre>+--------+      +-+--+--+
|        |      | |2 |  |
|        |      + +--+  |
|  +-+   |  --&gt; | |  |  |
|  +-+   |      |1|  |3 |
|        |      | +--+  |
|        |      | | 4|  |
+--------+      +-+--+--+</pre>]]></description>
<input><![CDATA[]]></input> 
<output><![CDATA[]]></output>
<sample_input><![CDATA[]]></sample_input>
<sample_output><![CDATA[]]></sample_output>
  