<?xml version="1.0" encoding="UTF-8"?>   
<fps version="1.2" url="https://github.com/zhblue/freeproblemset/">
	<generator name="HUSTOJ" url="https://github.com/zhblue/hustoj/"/>
	<item>
<title><![CDATA[括号匹配问题 ]]></title>
<time_limit unit="s"><![CDATA[1]]></time_limit>
<memory_limit unit="mb"><![CDATA[32]]></memory_limit>

<description><![CDATA[<p>
	在某个字符串（长度不超过100）中有左括号、右括号和大小写字母；规定（与常见的算数式子一样）任何一个左括号都从内到外与在它右边且距离最近的右括号匹配。写一个程序，找到无法匹配的左括号和右括号，输出原来字符串，并在下一行标出不能匹配的括号。不能匹配的左括号用"$"标注,不能匹配的右括号用"?"标注。
</p>]]></description>
<input><![CDATA[<div>
	输入包括多组数据，每组数据一行，包含一个字符串，只包含左右括号和大小写字母，字符串长度不超过100。
</div>
<div>
	<span style="color:#FF0000;">注意：cin.getline(str,100)最多只能输入99个字符！</span>
</div>]]></input> 
<output><![CDATA[<p>
	对每组输出数据，输出两行，第一行包含原始输入字符，第二行由"$","?"和空格组成，"$"和"?"表示与之对应的左括号和右括号不能匹配。
</p>]]></output>
<sample_input><![CDATA[bge)))))))))
((IIII))))))
()()()()(uuu
))))UUUU((()
]]></sample_input>
<sample_output><![CDATA[bge)))))))))
   ?????????
((IIII))))))
        ????
()()()()(uuu
        $   
))))UUUU((()
????    $$  
]]></sample_output>
  <test_input><![CDATA[brtdjhbilgu(((((((hiughiubiub))Hiuvyuv((((
))))))))))))gsergrg))))))))))))
((((((((((((gserg(((((
frehiugfhierhbv
((((((())))))gesr)))))))
)))))(((((((((((bverihgi
)))))))))))))))))))))))))))))))))))))Vuvgugu((((((((((((((((((((((
fbiweiuyfbwuebfiubweiufc((((((
()()()()(()dewf((()))))))((
gresgserhgrse))
bge)))))))))
((IIII))))))
()()()()(uuu
))))UUUU((()
]]></test_input>
<test_output><![CDATA[brtdjhbilgu(((((((hiughiubiub))Hiuvyuv((((
           $$$$$                      $$$$
))))))))))))gsergrg))))))))))))
????????????       ????????????
((((((((((((gserg(((((
$$$$$$$$$$$$     $$$$$
frehiugfhierhbv
               
((((((())))))gesr)))))))
                  ??????
)))))(((((((((((bverihgi
?????$$$$$$$$$$$        
)))))))))))))))))))))))))))))))))))))Vuvgugu((((((((((((((((((((((
?????????????????????????????????????       $$$$$$$$$$$$$$$$$$$$$$
fbiweiuyfbwuebfiubweiufc((((((
                        $$$$$$
()()()()(()dewf((()))))))((
                      ???$$
gresgserhgrse))
             ??
bge)))))))))
   ?????????
((IIII))))))
        ????
()()()()(uuu
        $   
))))UUUU((()
????    $$  
]]></test_output>
<hint><![CDATA[<div>&nbsp;<b><font size="5">算法思想：</font></b></div>
<div>括号匹配是典型的栈的应用，因此可以采用链栈，思路如下：</div>
<div>（1）第一次遍历输入字符串，</div>
<div>&nbsp; &nbsp; &nbsp; &nbsp; 1.是左括号，则入栈，同时标记数组的相应位置置空格</div>
<div>&nbsp; &nbsp; &nbsp; &nbsp; 2.是右括号，则检测栈是否为空，不为空，则判断有对应的左括号，同时出栈；为空，则没有对应的左括号，标记数组置&lsquo;？&rsquo;</div>
<div>（2）第二次遍历输入字符串，
<div>&nbsp; &nbsp; &nbsp; &nbsp; 1.是右括号，则入栈。</div>
<div>&nbsp; &nbsp; &nbsp; &nbsp; 2.是左括号，则检测栈是否为空，不为空，则判断有对应的右括号，同时出栈；为空，则没有对应的左括号，标记数组置&lsquo;$&rsquo;。</div>
</div>]]></hint>
<source><![CDATA[名校复试机考真题-北京大学]]></source>
		<solution language="C"><![CDATA[#include <stdio.h>  
#include <stdlib.h>  
#include <string.h>  
  
struct bracket  
{  
    char data[101];  
    int top;  
};  
  
void main()  
{  
    char str[101],flag[101];  
    int i,len;  
    struct bracket *p, *q;  
  
    while(scanf("%s",str) != EOF)  
    {   
        p=(struct bracket *)malloc(sizeof(struct bracket));  
        q=(struct bracket *)malloc(sizeof(struct bracket));  
        p->top = q->top = 0;  
        len = strlen(str);  
        for(i=0;i<len;i++)  
        {  
            switch(str[i])  
            {  
                case '(' :  
                    p->data[p->top++] = str[i];  
                    flag[i]=' ';  
                    break;  
                case ')' :  
                    if(p->top>0)  
                    {  
                        flag[i]=' ';  
                        p->top-=1;  
                    }else  
                    {  
                        flag[i]='?';  
                    }  
                    break;  
                default :  
                    flag[i]=' ';  
                    break;  
            }  
        }  
        for(i=len-1;i>=0;i--)  
        {  
            switch(str[i])  
            {  
                case ')' :  
                    q->data[q->top++] =str[i];  
                    break;  
                case '(' :  
                    if(q->top>0)  
                    {  
                        q->top-=1;  
                    }else  
                    {  
                        flag[i]='$';  
                    }  
                    break;  
                default :  
                    break;  
            }  
        }    
		for(i=0;i<len;i++)
			printf("%c",str[i]);
		printf("\n");
		for(i=0;i<len;i++)
			printf("%c",flag[i]);
		printf("\n"); 
    }    
}  ]]></solution>
			<solution language="C++"><![CDATA[#include <stdio.h>
#include <string.h>
char s[111];
void run()
{
	int k=0,i,n;
	char o[111];
	printf("%s\n",s);
	n=strlen(s)-1;
	strcpy(o,"");
	for(i=0;i<=n;i++)
		strcat(o," ");
	k=0;
	for(i=0;i<=n;i++)
	{
		if(s[i]=='(')
			k++;
		if(s[i]==')')
		{
			if(k>0)
				k--;
			else
				o[i]='?';
		}
	}
	k=0;
	for(i=n;i>=0;i--)
	{
		if(s[i]==')')
			k++;
		if(s[i]=='(')
		{
			if(k>0)
				k--;
			else
				o[i]='$';
		}
	}
	printf("%s\n",o);
}
int main()
{
	gets(s);
	while(strlen(s)!=0)
	{
		run();
		strcpy(s,"");
		gets(s);
	}
	return 0;
}]]></solution>
			<solution language="Pascal"><![CDATA[var a:array[1..255]of char;i,j,k,n:integer;
begin
 while not eof do
  begin
    n:=0;k:=0;
    fillchar(a,sizeof(a),#0);
    while not eoln do
     begin
      inc(n);
      read(a[n])
     end;
    readln;
    for i:=1 to n do
     begin write(a[i]);if (a[i]<>'(')and(a[i]<>')') then a[i]:=' 'end;
    writeln;
    for i:=1 to n div 2 do
     for j:=1 to n do
      if a[j]='(' then 
      begin
       k:=j;
       while (a[k+1]=' ')or(a[k+1]=')')do
        begin
         inc(k);
         if a[k]=')'then begin a[j]:=' ';a[k]:=' ';break end
        end
      end;
    for i:=1 to n do
     case a[i]of
      '(':write('$');
      ')':write('?');
      ' ':write(' ')
     end;
     writeln
  end
end.]]></solution>
			<solution language="Java"><![CDATA[import java.util.*;

public class Main {

	/**
	 * @param args
	 */
	public static void main(String[] args) {
		// TODO Auto-generated method stub
		Scanner sc = new Scanner(System.in);
		while(sc.hasNextLine())
		{
			String t1=sc.nextLine();
			StringBuffer sb=new StringBuffer(t1);
			StringBuffer t2=new StringBuffer(200);
			for(int i=0;i<t1.length();i++)
			{
				if(t1.charAt(i)=='(')
					t2.append('(');
				else if(t1.charAt(i)==')')
				{
					if(t2.length()>0)
						t2.deleteCharAt(t2.length()-1);
					else
						sb.setCharAt(i, '?');
				}
			}
			t2.setLength(0);
			for(int i=t1.length()-1;i>=0;i--)
			{
				if(t1.charAt(i)==')')
					t2.append(')');
				else if(t1.charAt(i)=='(')
				{
					if(t2.length()>0)
						t2.deleteCharAt(t2.length()-1);
					else
						sb.setCharAt(i, '$');
				}
			}
			for(int i=0;i<sb.length();i++)
			{
				if(sb.charAt(i)!='?' && sb.charAt(i)!='$')
					sb.setCharAt(i, ' ');
			}
			System.out.print(t1);
			System.out.print('\n');
			System.out.print(sb);
			System.out.print('\n');
		}
	}
}]]></solution>
	</item>
</fps>
