<?xml version="1.0" encoding="UTF-8"?>   
<fps version="1.2" url="https://github.com/zhblue/freeproblemset/">
	<generator name="HUSTOJ" url="https://github.com/zhblue/hustoj/"/>
	<item>
<title><![CDATA[取石子游戏]]></title>
<time_limit unit="s"><![CDATA[1]]></time_limit>
<memory_limit unit="mb"><![CDATA[32]]></memory_limit>

<description><![CDATA[一天小明和小红在玩取石子游戏，游戏规则是这样的：<br />
（1）本游戏是一个二人游戏；<br />
（2）有一堆石子，共有n个；<br />
（3）两人轮流进行；<br />
（4）每走一步可以取走1~m个石子；<br />
（5）最先取光石子的一方为胜。<br />
如果游戏的双方使用的都是最优策略，请输出哪个人能赢。<br />]]></description>
<input><![CDATA[输入的第一行是一个正整数C（C&lt;=100），表示有C组测试数据。<br />
每组输入两个整数n和m（1&lt;=n,m&lt;=1000），n和m的含义见题目描述。<br />]]></input> 
<output><![CDATA[对于每组输入，如果先走的人能赢，请输出“first”，否则请输出“second”。]]></output>
<sample_input><![CDATA[2
23 2
4 3]]></sample_input>
<sample_output><![CDATA[first
second]]></sample_output>
  <test_input><![CDATA[103
1 1
1000 1000
1000 1
898 687
718 668
751 970
863 493
725 968
273 65
566 175
268 98
21 82
498 408
401 638
261 16
953 540
634 36
644 57
452 850
96 117
529 275
411 261
747 481
477 784
72 553
6 231
613 335
719 575
995 734
580 971
564 334
580 226
747 424
415 764
136 202
241 27
603 425
979 699
502 334
548 578
810 808
804 647
688 700
278 619
466 296
103 430
781 10
37 449
380 988
783 259
716 810
180 728
136 183
701 134
80 443
688 814
812 568
992 354
607 505
5 222
20 683
124 486
696 669
898 733
876 145
727 255
771 529
939 183
151 193
632 650
834 933
497 79
703 879
27 579
945 4
320 572
334 588
539 891
496 408
317 259
610 365
506 958
606 748
596 278
709 935
779 879
45 870
485 883
669 890
439 35
207 927
21 251
376 751
994 156
827 1
836 334
318 950
596 123
396 531
876 23
957 933
895 5
196 531
]]></test_input>
<test_output><![CDATA[first
first
second
first
first
first
first
first
first
first
first
first
first
first
first
first
first
first
first
first
first
first
first
first
first
first
first
first
first
first
first
first
first
first
first
first
first
first
first
first
first
first
first
first
first
first
second
first
first
first
first
first
first
first
first
first
first
first
first
first
first
first
first
first
second
first
first
first
first
first
first
first
first
first
second
first
first
first
first
first
first
first
first
first
first
first
first
first
first
first
first
first
first
first
first
first
first
first
first
first
first
first
first
]]></test_output>
<hint><![CDATA[]]></hint>
<source><![CDATA[数学-博弈 洛谷]]></source>
		<solution language="C"><![CDATA[#include<stdio.h>

int main()
{
	int c,n,m;
	scanf("%d",&c);
	while(c--)
	{
		scanf("%d%d",&n,&m);
		printf(n%(m+1)?"first\n":"second\n");
	}
	return 0;
}]]></solution>
			<solution language="C++"><![CDATA[#include<stdio.h>

int main()
{
	int c,n,m;
	scanf("%d",&c);
	while(c--)
	{
		scanf("%d%d",&n,&m);
		printf(n%(m+1)?"first\n":"second\n");
	}
	return 0;
}]]></solution>
			<solution language="Pascal"><![CDATA[var c,n,m,i:integer;
begin
  read(c);
  for i:=1 to c do
  begin
    read(n); read(m);
    if n mod (m+1)=0 then writeln('second')
    else writeln('first');
  end;
end.]]></solution>
			<solution language="Java"><![CDATA[import java.util.*;

public class Main{
  final static Scanner jin=new Scanner(System.in);
  public static void main(String args[]){
    int C=jin.nextInt();
    while(C-->0){
      int n=jin.nextInt(),m=jin.nextInt();
      if(n%(m+1)!=0)
        System.out.println("first");
      else
        System.out.println("second");
    }
  }
}]]></solution>
	</item>
</fps>
