<?xml version="1.0" encoding="UTF-8"?>   
<fps version="1.2" url="https://github.com/zhblue/freeproblemset/">
	<generator name="HUSTOJ" url="https://github.com/zhblue/hustoj/"/>
	<item>
<title><![CDATA[3.2.4 Feed Ratios饲料调配]]></title>
<time_limit unit="s"><![CDATA[1]]></time_limit>
<memory_limit unit="mb"><![CDATA[128]]></memory_limit>

<description><![CDATA[<p style="text-align:center;font-family:sans-serif;font-size:13px;background-color:#FFFFFF;">
	<span style="font-size:16px;"><strong>3.2.4 Feed Ratios饲料调配</strong></span>
</p>
<p style="text-align:center;font-family:sans-serif;font-size:13px;background-color:#FFFFFF;">
	<span style="font-size:14px;"><strong><span style="font-size:16px;">(</span></strong><span style="font-family:sans-serif;font-size:16px;line-height:21px;background-color:#FFFFFF;"><strong>ratios.pas/c/cpp</strong></span><strong><span style="font-size:16px;"></span></strong><strong><span style="font-size:16px;">)</span></strong><br />
</span>
</p>
<p style="font-family:sans-serif;font-size:13px;background-color:#FFFFFF;">
	<span style="font-size:16px;">&nbsp; 农夫约翰从来只用调配得最好的饲料来喂他的奶牛。饲料用三种原料调配成：大麦，燕麦和小麦。他知道自己的饲料精确的配比，在市场上是买不到这样的饲料的。他只好购买其他三种混合饲料（同样都由三种麦子组成），然后将它们混合，来调配他的完美饲料。</span>
</p>
<p style="font-family:sans-serif;font-size:13px;background-color:#FFFFFF;">
	<span style="font-size:16px;">给出三组整数，表示 大麦：燕麦：小麦 的比例，找出用这三种饲料调配 x：y：z 的饲料的方法。</span>
</p>
<p style="font-family:sans-serif;font-size:13px;background-color:#FFFFFF;">
	<span style="font-size:16px;">例如，给出目标饲料 3：4：5 和三种饲料的比例：</span>
</p>
<pre>    1:2:3   
    3:7:1  
    2:1:2
</pre>
<p style="font-family:sans-serif;font-size:13px;background-color:#FFFFFF;">
	<span style="font-size:16px;">你必须编程找出使这三种饲料用量最少的方案，要是不能用这三种饲料调配目标饲料，输出“NONE”。“用量最少”意味着三种饲料的用量（整数）的和必须最小。</span>
</p>
<p style="font-family:sans-serif;font-size:13px;background-color:#FFFFFF;">
	<br />
<span style="font-size:16px;">对于上面的例子，你可以用8份饲料1，1份饲料2，和5份饲料3，来得到7份目标饲料：</span>
</p>
<pre>8*(1:2:3) + 1*(3:7:1) + 5*(2:1:2) = (21:28:35) = 7*(3:4:5)
</pre>
<p style="font-family:sans-serif;font-size:13px;background-color:#FFFFFF;">
	<span style="font-size:16px;">表示饲料比例的整数以及目标饲料的都是小于100的非负整数。表示各种饲料的份数的整数，都小于100。一种混合物的比例不会由其他混合物的比例直接相加得到。</span>
</p>
<h2 style="background-color:#FFFFFF;font-weight:normal;font-size:19px;font-family:sans-serif;">
	<span class="mw-headline" id=".E6.A0.BC.E5.BC.8F" style="font-size:16px;">格式</span>
</h2>
<p style="font-family:sans-serif;font-size:13px;background-color:#FFFFFF;">
	<b><span style="font-size:16px;">PROGRAM NAME</span></b><span style="font-size:16px;">: ratios</span>
</p>
<p style="font-family:sans-serif;font-size:13px;background-color:#FFFFFF;">
	<b><span style="font-size:16px;">INPUT FORMAT</span></b><span style="font-size:16px;">:</span>
</p>
<p style="font-family:sans-serif;font-size:13px;background-color:#FFFFFF;">
	<span style="font-size:16px;">(file ratios.in)</span>
</p>
<p style="font-family:sans-serif;font-size:13px;background-color:#FFFFFF;">
	<span style="font-size:16px;">Line 1: 三个用空格分开的整数，表示目标饲料</span>
</p>
<p style="font-family:sans-serif;font-size:13px;background-color:#FFFFFF;">
	<span style="font-size:16px;">Line 2..4: 每行包括三个用空格分开的整数，表示农夫约翰买进的饲料的比例</span>
</p>
<p style="font-family:sans-serif;font-size:13px;background-color:#FFFFFF;">
	<b><span style="font-size:16px;">OUTPUT FORMAT</span></b><span style="font-size:16px;">:</span>
</p>
<p style="font-family:sans-serif;font-size:13px;background-color:#FFFFFF;">
	<span style="font-size:16px;">(file ratios.out)</span>
</p>
<p style="font-family:sans-serif;font-size:13px;background-color:#FFFFFF;">
	<span style="font-size:16px;">输出文件要包括一行，这一行要么有四个整数，要么是“NONE”。前三个整数表示三种饲料的份数，用这样的配比可以得到目标饲料。第四个整数表示混合三种饲料后得到的目标饲料的份数。</span>
</p>
<h2 style="background-color:#FFFFFF;font-weight:normal;font-size:19px;font-family:sans-serif;">
	<span class="mw-headline" id="SAMPLE_INPUT" style="font-size:16px;">SAMPLE INPUT</span>
</h2>
<pre>3 4 5
1 2 3
3 7 1
2 1 2 
</pre>
<h2 style="background-color:#FFFFFF;font-weight:normal;font-size:19px;font-family:sans-serif;">
	<span class="mw-headline" id="SAMPLE_OUTPUT" style="font-size:16px;">SAMPLE OUTPUT</span>
</h2>
<pre>8 1 5 7</pre>]]></description>
<input><![CDATA[]]></input> 
<output><![CDATA[]]></output>
<sample_input><![CDATA[]]></sample_input>
<sample_output><![CDATA[]]></sample_output>
  