<?xml version="1.0" encoding="UTF-8"?>   
<fps version="1.2" url="https://github.com/zhblue/freeproblemset/">
	<generator name="HUSTOJ" url="https://github.com/zhblue/hustoj/"/>
	<item>
<title><![CDATA[3.1.6 Stamps 邮票]]></title>
<time_limit unit="s"><![CDATA[1]]></time_limit>
<memory_limit unit="mb"><![CDATA[128]]></memory_limit>

<description><![CDATA[<p style="text-align:center;font-family:sans-serif;font-size:13px;background-color:#FFFFFF;">
	<span style="font-size:16px;"><strong>3.1.6 Stamps 邮票</strong></span>
</p>
<p style="text-align:center;font-family:sans-serif;font-size:13px;background-color:#FFFFFF;">
	<span style="font-size:14px;"><span style="font-size:16px;"><strong>(</strong></span><span style="font-family:sans-serif;font-size:16px;line-height:21px;background-color:#FFFFFF;"><strong>stamps.pas/c/cpp</strong></span><span style="font-size:16px;"><strong></strong></span><span style="font-size:16px;"><strong>)</strong></span><br />
</span>
</p>
<p style="font-family:sans-serif;font-size:13px;background-color:#FFFFFF;">
	<span style="font-size:16px;">&nbsp; 已知一个 N 枚邮票的面值集合（如，{1 分，3 分}）和一个上限 K —— 表示信封上能够贴 K 张邮票。计算从 1 到 M 的最大连续可贴出的邮资。</span>
</p>
<p style="font-family:sans-serif;font-size:13px;background-color:#FFFFFF;">
	<span style="font-size:16px;">例如，假设有 1 分和 3 分的邮票；你最多可以贴 5 张邮票。很容易贴出 1 到 5 分的邮资（用 1 分邮票贴就行了），接下来的邮资也不难：</span>
</p>
<pre>6 = 3 + 3 
7 = 3 + 3 + 1 
8 = 3 + 3 + 1 + 1 
9 = 3 + 3 + 3 
10 = 3 + 3 + 3 + 1 
11 = 3 + 3 + 3 + 1 + 1 
12 = 3 + 3 + 3 + 3 
13 = 3 + 3 + 3 + 3 + 1
</pre>
<p style="font-family:sans-serif;font-size:13px;background-color:#FFFFFF;">
	<span style="font-size:16px;">然而，使用 5 枚 1 分或者 3 分的邮票根本不可能贴出 14 分的邮资。因此，对于这两种邮票的集合和上限 K=5，答案是 M=13。</span>
</p>
<p style="font-family:sans-serif;font-size:13px;background-color:#FFFFFF;">
	<span style="font-size:16px;">[规模最大的一个点的时限是3s]</span>
</p>
<p style="font-family:sans-serif;font-size:13px;background-color:#FFFFFF;">
	<br />
<span style="font-size:16px;">小提示:因为14贴不出来,所以最高上限是13而不是15</span>
</p>
<h2 style="background-color:#FFFFFF;font-weight:normal;font-size:19px;font-family:sans-serif;">
	<span class="mw-headline" id=".E6.A0.BC.E5.BC.8F" style="font-size:16px;">格式</span>
</h2>
<p style="font-family:sans-serif;font-size:13px;background-color:#FFFFFF;">
	<b><span style="font-size:16px;">PROGRAM NAME</span></b><span style="font-size:16px;">: stamps</span>
</p>
<p style="font-family:sans-serif;font-size:13px;background-color:#FFFFFF;">
	<b><span style="font-size:16px;">INPUT FORMAT</span></b><span style="font-size:16px;">:</span>
</p>
<p style="font-family:sans-serif;font-size:13px;background-color:#FFFFFF;">
	<span style="font-size:16px;">(file stamps.in)</span>
</p>
<p style="font-family:sans-serif;font-size:13px;background-color:#FFFFFF;">
	<span style="font-size:16px;">第 1 行： 两个整数，K 和 N。K（1 &lt;= K &lt;= 200）是可用的邮票总数。N（1 &lt;= N &lt;= 50）是邮票面值的数量。</span>
</p>
<p style="font-family:sans-serif;font-size:13px;background-color:#FFFFFF;">
	<span style="font-size:16px;">第 2 行 .. 文件末： N 个整数，每行 15 个，列出所有的 N 个邮票的面值，每张邮票的面值不超过 10000。</span>
</p>
<p style="font-family:sans-serif;font-size:13px;background-color:#FFFFFF;">
	<b><span style="font-size:16px;">OUTPUT FORMAT</span></b><span style="font-size:16px;">:</span>
</p>
<p style="font-family:sans-serif;font-size:13px;background-color:#FFFFFF;">
	<span style="font-size:16px;">(file stamps.out)</span>
</p>
<p style="font-family:sans-serif;font-size:13px;background-color:#FFFFFF;">
	<span style="font-size:16px;">第 1 行：一个整数，从 1 分开始连续的可用集合中不多于 K 张邮票贴出的邮资数。</span>
</p>
<h2 style="background-color:#FFFFFF;font-weight:normal;font-size:19px;font-family:sans-serif;">
	<span class="mw-headline" id="SAMPLE_INPUT" style="font-size:16px;">SAMPLE INPUT</span>
</h2>
<pre>5 2
1 3
</pre>
<h2 style="background-color:#FFFFFF;font-weight:normal;font-size:19px;font-family:sans-serif;">
	<span class="mw-headline" id="SAMPLE_OUTPUT" style="font-size:16px;">SAMPLE OUTPUT</span>
</h2>
<p style="font-family:sans-serif;font-size:13px;background-color:#FFFFFF;">
	<span style="font-size:16px;">13</span>
</p>]]></description>
<input><![CDATA[]]></input> 
<output><![CDATA[]]></output>
<sample_input><![CDATA[]]></sample_input>
<sample_output><![CDATA[]]></sample_output>
  <test_input><![CDATA[5 2
1 3
]]></test_input>
<test_output><![CDATA[13
]]></test_output>
<test_input><![CDATA[200 14
1 2 4 15 9 31 63 2100 3500 127 255 511 1000 1999
]]></test_input>
<test_output><![CDATA[682938
]]></test_output>
<test_input><![CDATA[200 50
1 37 87 14 137 4016 157 5383 7318 8662 7074 2821 5250 9704 8986
1375 6587 5962 7190 339 1981 9719 7012 385 7926 5159 3259 5144 7846 8854
3249 3198 8408 2784 6249 4648 6799 2757 31 4116 7771 3456 3288 3020 3159
8625 747 9745 938 10000
]]></test_input>
<test_output><![CDATA[1996089
]]></test_output>
<test_input><![CDATA[200 15
1 3 14 59 265 358 979 323 846 26 433 832 7950 28 841
]]></test_input>
<test_output><![CDATA[1525524
]]></test_output>
<test_input><![CDATA[1 4
1 2 3 5
]]></test_input>
<test_output><![CDATA[3
]]></test_output>
<test_input><![CDATA[2 4
1 2 4 8
]]></test_input>
<test_output><![CDATA[6
]]></test_output>
<test_input><![CDATA[4 4
1 2 4 8
]]></test_input>
<test_output><![CDATA[22
]]></test_output>
<test_input><![CDATA[20 1
1
]]></test_input>
<test_output><![CDATA[20
]]></test_output>
<test_input><![CDATA[40 3
5 1 2
]]></test_input>
<test_output><![CDATA[197
]]></test_output>
<test_input><![CDATA[3 10
29 50 36 43 1 2 4 8 15 22
]]></test_input>
<test_output><![CDATA[56
]]></test_output>
<test_input><![CDATA[6 10
1 2 9 31 255 480 4 15 63 127
]]></test_input>
<test_output><![CDATA[720
]]></test_output>
<test_input><![CDATA[8 12
1 2 4 15 9 31 63 127 255 511 1000 1999
]]></test_input>
<test_output><![CDATA[2997
]]></test_output>
<hint><![CDATA[]]></hint>
<source><![CDATA[USACO-USACO阶梯-第3章.更微妙的技术]]></source>
		<solution language="C"><![CDATA[#include<stdio.h>
#include<stdlib.h>
int f[2000001];
int i,j,n,k;
int cost[51];
int max=0;
int min(int u,int u1)
{
    if(u<u1) return u;
    else return u1;
}
int main()
{
    scanf("%d %d",&k,&n);
    int i;   
   
    for(i=1;i<=n;i++)
    {
      scanf("%d",&cost[i]);
      if(cost[i]>max) 
       max=cost[i];
       f[cost[i]]=1;
    } 
    for(i=1;i<=max*k+3;i++)  
      if(f[i]==0)f[i]=327676767;
    for(i=1;i<=max*k+3;i++)
      for(j=1;j<=n;j++)
       if(i-cost[j]>=1)
        f[i]=min(f[i],f[i-cost[j]]+1);
    int ans=0,sum=0;
    while(f[ans+1]<=k)
       ans++;
  printf("%d\n",ans);
 return 0;
}
]]></solution>
			<solution language="C++"><![CDATA[#include<stdio.h>
#include<string.h>
int dp[2001000];
int min(int x,int y)
{
	return x<y?x:y;	
}
int main()
{
		int n,k,i,j,a[100];
		scanf("%d%d",&k,&n);
		memset(dp,0,sizeof(dp));
		for (i=0;i<n;i++)	
		{
			scanf("%d",&a[i]);
			dp[a[i]]=1;	
		}
		for (i=1;;i++)
		{
			if (dp[i]!=0) continue;
			dp[i]=300;
			for (j=0;j<n;j++)
			{
				if (a[j]<i)
				dp[i]=min(dp[i],dp[i-a[j]]+1);	
			}
			if (dp[i]>k)	break;	
		}
		printf("%d",i-1);
		return 0;
}]]></solution>
			<solution language="Pascal"><![CDATA[var
  a:array [1..50] of longint;
  f:array [0..2000000] of longint;
  k,n:longint;
 
procedure init;inline;
var
  i:longint;
begin

  readln(k,n);
    for i:=1 to n do read(a[i]);
end;
 
procedure work;inline;
var
  i,j,t,min:longint;
begin
  for i:=1 to 2000000 do
    begin
      min:=maxlongint;
        for j:=1 to n do
          begin
            t:=i-a[j];
              if t>=0 then
                if f[t]+1<min then min:=f[t]+1;
          end;
      f[i]:=min;
        if f[i]>k then break;
    end;
  writeln(i-1);

end;
 
begin
  init;
  work;
end.]]></solution>
	</item>
</fps>
