<?xml version="1.0" encoding="UTF-8"?>   
<fps version="1.2" url="https://github.com/zhblue/freeproblemset/">
	<generator name="HUSTOJ" url="https://github.com/zhblue/hustoj/"/>
	<item>
<title><![CDATA[全排列]]></title>
<time_limit unit="s"><![CDATA[1]]></time_limit>
<memory_limit unit="mb"><![CDATA[32]]></memory_limit>

<description><![CDATA[<p>
	<span style="color:#333333;font-family:'MicroSoft Yahei' Helvetica Arial Georgia Simsun;font-size:14px;line-height:25px;">给定一个由不同的小写字母组成的字符串，输出这个字符串的所有全排列。</span><br />
<span style="color:#333333;font-family:'MicroSoft Yahei' Helvetica Arial Georgia Simsun;font-size:14px;line-height:25px;">我们假设对于小写字母有'a' &lt; 'b' &lt; ... &lt; 'y' &lt; 'z'。</span> 
</p>]]></description>
<input><![CDATA[<p>
	<span style="color:#333333;font-family:'MicroSoft Yahei' Helvetica Arial Georgia Simsun;font-size:14px;line-height:25px;">输入只有一行，是一个由小写字母组成的字符串，已知字符串的长度在1到6之间。</span> 
</p>]]></input> 
<output><![CDATA[<p>
	<span style="color:#333333;font-family:'MicroSoft Yahei' Helvetica Arial Georgia Simsun;font-size:14px;line-height:25px;">输出这个字符串的所有排列方式，每行一个排列。要求字母序比较小的排列在前面。字母序如下定义：</span><br />
<span style="color:#333333;font-family:'MicroSoft Yahei' Helvetica Arial Georgia Simsun;font-size:14px;line-height:25px;">已知S = s1s2...sk  T = t1t2...tk，则S &lt; T 等价于，存在p (1 &lt;= p &lt;= k)，使得</span><br />
<span style="color:#333333;font-family:'MicroSoft Yahei' Helvetica Arial Georgia Simsun;font-size:14px;line-height:25px;">s1 = t1 s2 = t2 ... sp - 1 = tp - 1 sp &lt; tp成立。</span> 
</p>
<p>
	<span style="font-size:medium;font-family:宋体;">注意</span><span style="font-size:medium;font-family:宋体;color:#333333;">每组样例输出结束后接一个空行。</span> 
</p>]]></output>
<sample_input><![CDATA[xyz]]></sample_input>
<sample_output><![CDATA[xyz
xzy
yxz
yzx
zxy
zyx
]]></sample_output>
  <test_input><![CDATA[a
ab
xyz
abcd
abcde
abcdef
rr
ttt
yyyy
bbbbb
jjjjjj
aas
ssdd
rrryyy
abbccd]]></test_input>
<test_output><![CDATA[a

ab
ba

xyz
xzy
yxz
yzx
zxy
zyx

abcd
abdc
acbd
acdb
adbc
adcb
bacd
badc
bcad
bcda
bdac
bdca
cabd
cadb
cbad
cbda
cdab
cdba
dabc
dacb
dbac
dbca
dcab
dcba

abcde
abced
abdce
abdec
abecd
abedc
acbde
acbed
acdbe
acdeb
acebd
acedb
adbce
adbec
adcbe
adceb
adebc
adecb
aebcd
aebdc
aecbd
aecdb
aedbc
aedcb
bacde
baced
badce
badec
baecd
baedc
bcade
bcaed
bcdae
bcdea
bcead
bceda
bdace
bdaec
bdcae
bdcea
bdeac
bdeca
beacd
beadc
becad
becda
bedac
bedca
cabde
cabed
cadbe
cadeb
caebd
caedb
cbade
cbaed
cbdae
cbdea
cbead
cbeda
cdabe
cdaeb
cdbae
cdbea
cdeab
cdeba
ceabd
ceadb
cebad
cebda
cedab
cedba
dabce
dabec
dacbe
daceb
daebc
daecb
dbace
dbaec
dbcae
dbcea
dbeac
dbeca
dcabe
dcaeb
dcbae
dcbea
dceab
dceba
deabc
deacb
debac
debca
decab
decba
eabcd
eabdc
eacbd
eacdb
eadbc
eadcb
ebacd
ebadc
ebcad
ebcda
ebdac
ebdca
ecabd
ecadb
ecbad
ecbda
ecdab
ecdba
edabc
edacb
edbac
edbca
edcab
edcba

abcdef
abcdfe
abcedf
abcefd
abcfde
abcfed
abdcef
abdcfe
abdecf
abdefc
abdfce
abdfec
abecdf
abecfd
abedcf
abedfc
abefcd
abefdc
abfcde
abfced
abfdce
abfdec
abfecd
abfedc
acbdef
acbdfe
acbedf
acbefd
acbfde
acbfed
acdbef
acdbfe
acdebf
acdefb
acdfbe
acdfeb
acebdf
acebfd
acedbf
acedfb
acefbd
acefdb
acfbde
acfbed
acfdbe
acfdeb
acfebd
acfedb
adbcef
adbcfe
adbecf
adbefc
adbfce
adbfec
adcbef
adcbfe
adcebf
adcefb
adcfbe
adcfeb
adebcf
adebfc
adecbf
adecfb
adefbc
adefcb
adfbce
adfbec
adfcbe
adfceb
adfebc
adfecb
aebcdf
aebcfd
aebdcf
aebdfc
aebfcd
aebfdc
aecbdf
aecbfd
aecdbf
aecdfb
aecfbd
aecfdb
aedbcf
aedbfc
aedcbf
aedcfb
aedfbc
aedfcb
aefbcd
aefbdc
aefcbd
aefcdb
aefdbc
aefdcb
afbcde
afbced
afbdce
afbdec
afbecd
afbedc
afcbde
afcbed
afcdbe
afcdeb
afcebd
afcedb
afdbce
afdbec
afdcbe
afdceb
afdebc
afdecb
afebcd
afebdc
afecbd
afecdb
afedbc
afedcb
bacdef
bacdfe
bacedf
bacefd
bacfde
bacfed
badcef
badcfe
badecf
badefc
badfce
badfec
baecdf
baecfd
baedcf
baedfc
baefcd
baefdc
bafcde
bafced
bafdce
bafdec
bafecd
bafedc
bcadef
bcadfe
bcaedf
bcaefd
bcafde
bcafed
bcdaef
bcdafe
bcdeaf
bcdefa
bcdfae
bcdfea
bceadf
bceafd
bcedaf
bcedfa
bcefad
bcefda
bcfade
bcfaed
bcfdae
bcfdea
bcfead
bcfeda
bdacef
bdacfe
bdaecf
bdaefc
bdafce
bdafec
bdcaef
bdcafe
bdceaf
bdcefa
bdcfae
bdcfea
bdeacf
bdeafc
bdecaf
bdecfa
bdefac
bdefca
bdface
bdfaec
bdfcae
bdfcea
bdfeac
bdfeca
beacdf
beacfd
beadcf
beadfc
beafcd
beafdc
becadf
becafd
becdaf
becdfa
becfad
becfda
bedacf
bedafc
bedcaf
bedcfa
bedfac
bedfca
befacd
befadc
befcad
befcda
befdac
befdca
bfacde
bfaced
bfadce
bfadec
bfaecd
bfaedc
bfcade
bfcaed
bfcdae
bfcdea
bfcead
bfceda
bfdace
bfdaec
bfdcae
bfdcea
bfdeac
bfdeca
bfeacd
bfeadc
bfecad
bfecda
bfedac
bfedca
cabdef
cabdfe
cabedf
cabefd
cabfde
cabfed
cadbef
cadbfe
cadebf
cadefb
cadfbe
cadfeb
caebdf
caebfd
caedbf
caedfb
caefbd
caefdb
cafbde
cafbed
cafdbe
cafdeb
cafebd
cafedb
cbadef
cbadfe
cbaedf
cbaefd
cbafde
cbafed
cbdaef
cbdafe
cbdeaf
cbdefa
cbdfae
cbdfea
cbeadf
cbeafd
cbedaf
cbedfa
cbefad
cbefda
cbfade
cbfaed
cbfdae
cbfdea
cbfead
cbfeda
cdabef
cdabfe
cdaebf
cdaefb
cdafbe
cdafeb
cdbaef
cdbafe
cdbeaf
cdbefa
cdbfae
cdbfea
cdeabf
cdeafb
cdebaf
cdebfa
cdefab
cdefba
cdfabe
cdfaeb
cdfbae
cdfbea
cdfeab
cdfeba
ceabdf
ceabfd
ceadbf
ceadfb
ceafbd
ceafdb
cebadf
cebafd
cebdaf
cebdfa
cebfad
cebfda
cedabf
cedafb
cedbaf
cedbfa
cedfab
cedfba
cefabd
cefadb
cefbad
cefbda
cefdab
cefdba
cfabde
cfabed
cfadbe
cfadeb
cfaebd
cfaedb
cfbade
cfbaed
cfbdae
cfbdea
cfbead
cfbeda
cfdabe
cfdaeb
cfdbae
cfdbea
cfdeab
cfdeba
cfeabd
cfeadb
cfebad
cfebda
cfedab
cfedba
dabcef
dabcfe
dabecf
dabefc
dabfce
dabfec
dacbef
dacbfe
dacebf
dacefb
dacfbe
dacfeb
daebcf
daebfc
daecbf
daecfb
daefbc
daefcb
dafbce
dafbec
dafcbe
dafceb
dafebc
dafecb
dbacef
dbacfe
dbaecf
dbaefc
dbafce
dbafec
dbcaef
dbcafe
dbceaf
dbcefa
dbcfae
dbcfea
dbeacf
dbeafc
dbecaf
dbecfa
dbefac
dbefca
dbface
dbfaec
dbfcae
dbfcea
dbfeac
dbfeca
dcabef
dcabfe
dcaebf
dcaefb
dcafbe
dcafeb
dcbaef
dcbafe
dcbeaf
dcbefa
dcbfae
dcbfea
dceabf
dceafb
dcebaf
dcebfa
dcefab
dcefba
dcfabe
dcfaeb
dcfbae
dcfbea
dcfeab
dcfeba
deabcf
deabfc
deacbf
deacfb
deafbc
deafcb
debacf
debafc
debcaf
debcfa
debfac
debfca
decabf
decafb
decbaf
decbfa
decfab
decfba
defabc
defacb
defbac
defbca
defcab
defcba
dfabce
dfabec
dfacbe
dfaceb
dfaebc
dfaecb
dfbace
dfbaec
dfbcae
dfbcea
dfbeac
dfbeca
dfcabe
dfcaeb
dfcbae
dfcbea
dfceab
dfceba
dfeabc
dfeacb
dfebac
dfebca
dfecab
dfecba
eabcdf
eabcfd
eabdcf
eabdfc
eabfcd
eabfdc
eacbdf
eacbfd
eacdbf
eacdfb
eacfbd
eacfdb
eadbcf
eadbfc
eadcbf
eadcfb
eadfbc
eadfcb
eafbcd
eafbdc
eafcbd
eafcdb
eafdbc
eafdcb
ebacdf
ebacfd
ebadcf
ebadfc
ebafcd
ebafdc
ebcadf
ebcafd
ebcdaf
ebcdfa
ebcfad
ebcfda
ebdacf
ebdafc
ebdcaf
ebdcfa
ebdfac
ebdfca
ebfacd
ebfadc
ebfcad
ebfcda
ebfdac
ebfdca
ecabdf
ecabfd
ecadbf
ecadfb
ecafbd
ecafdb
ecbadf
ecbafd
ecbdaf
ecbdfa
ecbfad
ecbfda
ecdabf
ecdafb
ecdbaf
ecdbfa
ecdfab
ecdfba
ecfabd
ecfadb
ecfbad
ecfbda
ecfdab
ecfdba
edabcf
edabfc
edacbf
edacfb
edafbc
edafcb
edbacf
edbafc
edbcaf
edbcfa
edbfac
edbfca
edcabf
edcafb
edcbaf
edcbfa
edcfab
edcfba
edfabc
edfacb
edfbac
edfbca
edfcab
edfcba
efabcd
efabdc
efacbd
efacdb
efadbc
efadcb
efbacd
efbadc
efbcad
efbcda
efbdac
efbdca
efcabd
efcadb
efcbad
efcbda
efcdab
efcdba
efdabc
efdacb
efdbac
efdbca
efdcab
efdcba
fabcde
fabced
fabdce
fabdec
fabecd
fabedc
facbde
facbed
facdbe
facdeb
facebd
facedb
fadbce
fadbec
fadcbe
fadceb
fadebc
fadecb
faebcd
faebdc
faecbd
faecdb
faedbc
faedcb
fbacde
fbaced
fbadce
fbadec
fbaecd
fbaedc
fbcade
fbcaed
fbcdae
fbcdea
fbcead
fbceda
fbdace
fbdaec
fbdcae
fbdcea
fbdeac
fbdeca
fbeacd
fbeadc
fbecad
fbecda
fbedac
fbedca
fcabde
fcabed
fcadbe
fcadeb
fcaebd
fcaedb
fcbade
fcbaed
fcbdae
fcbdea
fcbead
fcbeda
fcdabe
fcdaeb
fcdbae
fcdbea
fcdeab
fcdeba
fceabd
fceadb
fcebad
fcebda
fcedab
fcedba
fdabce
fdabec
fdacbe
fdaceb
fdaebc
fdaecb
fdbace
fdbaec
fdbcae
fdbcea
fdbeac
fdbeca
fdcabe
fdcaeb
fdcbae
fdcbea
fdceab
fdceba
fdeabc
fdeacb
fdebac
fdebca
fdecab
fdecba
feabcd
feabdc
feacbd
feacdb
feadbc
feadcb
febacd
febadc
febcad
febcda
febdac
febdca
fecabd
fecadb
fecbad
fecbda
fecdab
fecdba
fedabc
fedacb
fedbac
fedbca
fedcab
fedcba

rr

ttt

yyyy

bbbbb

jjjjjj

aas
asa
saa

ssdd

rrryyy
rryryy
rryyry
rryyyr
ryrryy
ryryry
ryryyr
ryyrry
ryyryr
ryyyrr
yrrryy
yrryry
yrryyr
yryrry
yryryr
yryyrr
yyrrry
yyrryr
yyryrr
yyyrrr

abbccd
abbcdc
abbdcc
abcbcd
abcbdc
abccbd
abccdb
abcdbc
abcdcb
abdbcc
abdcbc
abdccb
acbbcd
acbbdc
acbcbd
acbcdb
acbdbc
acbdcb
accbbd
accbdb
accdbb
acdbbc
acdbcb
acdcbb
adbbcc
adbcbc
adbccb
adcbbc
adcbcb
adccbb
babccd
babcdc
babdcc
bacbcd
bacbdc
baccbd
baccdb
bacdbc
bacdcb
badbcc
badcbc
badccb
bbaccd
bbacdc
bbadcc
bbcacd
bbcadc
bbccad
bbccda
bbcdac
bbcdca
bbdacc
bbdcac
bbdcca
bcabcd
bcabdc
bcacbd
bcacdb
bcadbc
bcadcb
bcbacd
bcbadc
bcbcad
bcbcda
bcbdac
bcbdca
bccabd
bccadb
bccbad
bccbda
bccdab
bccdba
bcdabc
bcdacb
bcdbac
bcdbca
bcdcab
bcdcba
bdabcc
bdacbc
bdaccb
bdbacc
bdbcac
bdbcca
bdcabc
bdcacb
bdcbac
bdcbca
bdccab
bdccba
cabbcd
cabbdc
cabcbd
cabcdb
cabdbc
cabdcb
cacbbd
cacbdb
cacdbb
cadbbc
cadbcb
cadcbb
cbabcd
cbabdc
cbacbd
cbacdb
cbadbc
cbadcb
cbbacd
cbbadc
cbbcad
cbbcda
cbbdac
cbbdca
cbcabd
cbcadb
cbcbad
cbcbda
cbcdab
cbcdba
cbdabc
cbdacb
cbdbac
cbdbca
cbdcab
cbdcba
ccabbd
ccabdb
ccadbb
ccbabd
ccbadb
ccbbad
ccbbda
ccbdab
ccbdba
ccdabb
ccdbab
ccdbba
cdabbc
cdabcb
cdacbb
cdbabc
cdbacb
cdbbac
cdbbca
cdbcab
cdbcba
cdcabb
cdcbab
cdcbba
dabbcc
dabcbc
dabccb
dacbbc
dacbcb
daccbb
dbabcc
dbacbc
dbaccb
dbbacc
dbbcac
dbbcca
dbcabc
dbcacb
dbcbac
dbcbca
dbccab
dbccba
dcabbc
dcabcb
dcacbb
dcbabc
dcbacb
dcbbac
dcbbca
dcbcab
dcbcba
dccabb
dccbab
dccbba
]]></test_output>
<hint><![CDATA[<p class="MsoNormal">
	<span style="font-family:宋体;">用</span><span>STL</span><span style="font-family:宋体;">中的</span><span>next_permutation</span><span style="font-family:宋体;">会非常简洁。</span>
<br />]]></hint>
<source><![CDATA[算法笔记 名校复试机考真题-北京大学 洛谷]]></source>
		<solution language="C++"><![CDATA[#include<cstdio>
#include<cstring>
#include<algorithm>
using namespace std;

int main()
{
	char s[7];
	while(scanf("%s",s)!=EOF)
	{
		do
		{
			puts(s);
		}while(next_permutation(s,s+strlen(s)));
		puts("");
	}
	return 0;
}]]></solution>
	</item>
</fps>
