<?xml version="1.0" encoding="UTF-8"?>   
<fps version="1.2" url="https://github.com/zhblue/freeproblemset/">
	<generator name="HUSTOJ" url="https://github.com/zhblue/hustoj/"/>
	<item>
<title><![CDATA[《C语言程序设计》江宝钏主编-习题7-1-平均成绩]]></title>
<time_limit unit="s"><![CDATA[1]]></time_limit>
<memory_limit unit="mb"><![CDATA[128]]></memory_limit>

<description><![CDATA[<p>从键盘输入10个学生成绩，求平均分数及高于平均分数的成绩。&nbsp;</p>]]></description>
<input><![CDATA[<p>10个整数&nbsp;</p>]]></input> 
<output><![CDATA[<p>第一行，平均分，保留1位小数。</p>
<p>第二行，高于平均分的成绩，每个成绩后加空格。&nbsp;</p>]]></output>
<sample_input><![CDATA[60 60 60 70 70 70 80 80 80 70]]></sample_input>
<sample_output><![CDATA[70.0
80 80 80 ]]></sample_output>
  <test_input><![CDATA[12 23 34 45 56 67 78 89 90 100]]></test_input>
<test_output><![CDATA[59.4
67 78 89 90 100 ]]></test_output>
<hint><![CDATA[]]></hint>
<source><![CDATA[]]></source>
		<solution language="C"><![CDATA[#include <stdio.h>
int main(void)
{
	int c[10],i;
	float p;
	for (i=0;i<10;i++)
	{
		scanf("%d",&c[i]);
		p+=c[i];
	}
	p=p/10;
	printf("%.1f\n",p);
	for (i=0;i<10;i++)
	{
		if (c[i]>p)
		printf("%d ",c[i]);
	}	
	
	return 0;
}]]></solution>
			<solution language="C++"><![CDATA[#include<iostream>
#include<cstdio>
using namespace std;
int main()
{
	int a[11],sum=0;
	for (int i=1; i<=10; i++)
	{
		cin>>a[i];
		sum+=a[i];
	}
	double ave=sum/10.0;
	printf("%.1lf\n",ave);
	for (int i=1; i<=10; i++)
		if (a[i]>ave) cout<<a[i]<<" ";
	cout<<endl;
	return 0;
}]]></solution>
	</item>
</fps>
