<?xml version="1.0" encoding="UTF-8"?>   
<fps version="1.2" url="https://github.com/zhblue/freeproblemset/">
	<generator name="HUSTOJ" url="https://github.com/zhblue/hustoj/"/>
	<item>
<title><![CDATA[3.1.2 Score Inflation总分]]></title>
<time_limit unit="s"><![CDATA[1]]></time_limit>
<memory_limit unit="mb"><![CDATA[128]]></memory_limit>

<description><![CDATA[<p style="text-align:center;font-family:sans-serif;font-size:13px;background-color:#FFFFFF;">
	<span style="font-size:14px;"><strong><span style="font-size:16px;">&nbsp;&nbsp;</span></strong><strong><span style="font-size:16px;">3.1.2 Score Inflation总分</span></strong></span> 
</p>
<p style="text-align:center;font-family:sans-serif;font-size:13px;background-color:#FFFFFF;">
	<span style="font-size:14px;"><strong><span style="font-size:16px;">(</span></strong><span style="font-family:sans-serif;font-size:16px;line-height:21px;background-color:#FFFFFF;"><strong>inflate.pas/c/cpp</strong></span><strong><span style="font-size:16px;"></span></strong><strong><span style="font-size:16px;">)</span></strong></span> 
</p>
<p style="font-family:sans-serif;font-size:13px;background-color:#FFFFFF;">
	<span style="font-size:16px;">学生在我们USACO的竞赛中的得分越多我们越高兴。</span> 
</p>
<p style="font-family:sans-serif;font-size:13px;background-color:#FFFFFF;">
	<span style="font-size:16px;">我们试着设计我们的竞赛以便人们能尽可能的多得分,这需要你的帮助。</span> 
</p>
<p style="font-family:sans-serif;font-size:13px;background-color:#FFFFFF;">
	<span style="font-size:16px;">我们可以从几个种类中选取竞赛的题目,这里的一个"种类"是指一个竞赛题目的集合,解决集合中的题目需要相同多的时间并且能得到相同的分数。 你的任务是写一个程序来告诉USACO的职员,应该从每一个种类中选取多少题目,使得解决题目的总耗时在竞赛规定的时间里并且总分最大。 输入包括竞赛的时间,M(1 &lt;= M &lt;= 10,000)(不要担心,你要到了训练营中才会有长时间的比赛)和N,"种类"的数目1 &lt;= N &lt;= 10,000。 后面的每一行将包括两个整数来描述一个"种类":</span> 
</p>
<p style="font-family:sans-serif;font-size:13px;background-color:#FFFFFF;">
	<span style="font-size:16px;">第一个整数说明解决这种题目能得的分数(1 &lt;= points &lt;= 10000),第二整数说明解决这种题目所需的时间(1 &lt;= minutes &lt;= 10000)。 你的程序应该确定我们应该从每个"种类"中选多少道题目使得能在竞赛的时间中得到最大的分数。</span> 
</p>
<p style="font-family:sans-serif;font-size:13px;background-color:#FFFFFF;">
	<span style="font-size:16px;">来自任意的"种类"的题目数目可能是任何非负数(0或更多)。</span> 
</p>
<p style="font-family:sans-serif;font-size:13px;background-color:#FFFFFF;">
	<span style="font-size:16px;">计算可能得到的最大分数。</span> 
</p>
<h1 style="background-color:#FFFFFF;font-weight:normal;font-size:24px;font-family:sans-serif;">
	<span class="mw-headline" id=".E6.A0.BC.E5.BC.8F" style="font-size:16px;">格式</span> 
</h1>
<h2 style="background-color:#FFFFFF;font-weight:normal;font-size:19px;font-family:sans-serif;">
	<span class="mw-headline" id="PROGRAM_NAME" style="font-size:16px;">PROGRAM NAME</span> 
</h2>
<p style="font-family:sans-serif;font-size:13px;background-color:#FFFFFF;">
	<span style="font-size:16px;">inflate</span> 
</p>
<h2 style="background-color:#FFFFFF;font-weight:normal;font-size:19px;font-family:sans-serif;">
	<span class="mw-headline" id="INPUT_FORMAT" style="font-size:16px;">INPUT FORMAT</span> 
</h2>
<p style="font-family:sans-serif;font-size:13px;background-color:#FFFFFF;">
	<span style="font-size:16px;">(file inflate.in)</span> 
</p>
<p style="font-family:sans-serif;font-size:13px;background-color:#FFFFFF;">
	<span style="font-size:16px;">第 1 行: M, N--竞赛的时间和题目"种类"的数目。</span> 
</p>
<p style="font-family:sans-serif;font-size:13px;background-color:#FFFFFF;">
	<span style="font-size:16px;">第 2-N+1 行: 两个整数:每个"种类"题目的分数和耗时。</span> 
</p>
<h2 style="background-color:#FFFFFF;font-weight:normal;font-size:19px;font-family:sans-serif;">
	<span class="mw-headline" id="OUTPUT_FORMAT" style="font-size:16px;">OUTPUT FORMAT</span> 
</h2>
<p style="font-family:sans-serif;font-size:13px;background-color:#FFFFFF;">
	<span style="font-size:16px;">(file inflate.out)</span> 
</p>
<p style="font-family:sans-serif;font-size:13px;background-color:#FFFFFF;">
	<span style="font-size:16px;">单独的一行包括那个在给定的限制里可能得到的最大的分数。</span> 
</p>
<h2 style="background-color:#FFFFFF;font-weight:normal;font-size:19px;font-family:sans-serif;">
	<span class="mw-headline" id="SAMPLE_INPUT" style="font-size:16px;">SAMPLE INPUT</span> 
</h2>
<pre>300 4
100 60
250 120
120 100
35 20
</pre>
<h2 style="background-color:#FFFFFF;font-weight:normal;font-size:19px;font-family:sans-serif;">
	<span class="mw-headline" id="SAMPLE_OUTPUT" style="font-size:16px;">SAMPLE OUTPUT</span> 
</h2>
<pre>605</pre>]]></description>
<input><![CDATA[]]></input> 
<output><![CDATA[]]></output>
<sample_input><![CDATA[]]></sample_input>
<sample_output><![CDATA[]]></sample_output>
  