<?xml version="1.0" encoding="UTF-8"?>   
<fps version="1.2" url="https://github.com/zhblue/freeproblemset/">
	<generator name="HUSTOJ" url="https://github.com/zhblue/hustoj/"/>
	<item>
<title><![CDATA[C语言6.3]]></title>
<time_limit unit="s"><![CDATA[1]]></time_limit>
<memory_limit unit="mb"><![CDATA[32]]></memory_limit>

<description><![CDATA[<p>
	用do…wihle语句求1+2+3+…+100的值。
</p>]]></description>
<input><![CDATA[<p>
	无
</p>]]></input> 
<output><![CDATA[<p>
	输出题目描述中表达式的值。请注意行尾输出换行。
</p>]]></output>
<sample_input><![CDATA[无]]></sample_input>
<sample_output><![CDATA[5050
]]></sample_output>
  <test_input><![CDATA[0]]></test_input>
<test_output><![CDATA[5050
]]></test_output>
<hint><![CDATA[]]></hint>
<source><![CDATA[教学题-C语言]]></source>
		<solution language="C"><![CDATA[#include<stdio.h>
int main(){
int i=1,sum=0;
  do{
  sum+=i;
  i++;
  }while(i<=100);
  printf("%d\n",sum);
return 0;
}]]></solution>
			<solution language="C++"><![CDATA[#include <stdio.h>
int main() {
	int i, sum;
	sum = 0;
	i = 1;
	do {
		sum += i;
		i++;
	} while (i <= 100);
	printf("%d\n", sum);
	return 0;
}
]]></solution>
			<solution language="Pascal"><![CDATA[begin
  writeln('5050');
end.]]></solution>
			<solution language="Java"><![CDATA[import java.util.*;
public class Main {
	public static void main(String args[]) {
		int s=0;
		for(int i=1;i<=100;i++)
			s+=i;
		System.out.printf("%d\n",s);
	}
}]]></solution>
			<solution language="Python"><![CDATA[print 5050]]></solution>
	</item>
</fps>
