<?xml version="1.0" encoding="UTF-8"?>   
<fps version="1.2" url="https://github.com/zhblue/freeproblemset/">
	<generator name="HUSTOJ" url="https://github.com/zhblue/hustoj/"/>
	<item>
<title><![CDATA[字符串链接]]></title>
<time_limit unit="s"><![CDATA[1]]></time_limit>
<memory_limit unit="mb"><![CDATA[32]]></memory_limit>

<description><![CDATA[<p>
	不用strcat函数，自己编写一个字符串连接函数MyStrcat(char dstStr[],char srcStr[])，注意要单独编成函数，提交的时候提交全部的程序，包括main。
</p>]]></description>
<input><![CDATA[<p>
	输入包含多组数据，每组测试数据由两个待连接字符串组成，中间用一个空格分隔，字符串内部不含空格，且不为空串，每个字符串不多于20个字符。
</p>]]></input> 
<output><![CDATA[<p>
	输出连接后的字符串。
</p>]]></output>
<sample_input><![CDATA[tian qin]]></sample_input>
<sample_output><![CDATA[tianqin]]></sample_output>
  <test_input><![CDATA[tian qin
Wb#!QCw_H1hiXh: )Q40
/S# @h}cU:U72(L
^ypc+]e/n*DK zHxX?^?l
}pC?(;j,=B ^`SU$s^[X%b
_jF^L vc^zh
h+MDA ~lbHZ
hYQG>xqsm_A 1neTm:'<{#(oD6ep`?
a9|D\ot+ R;~"PpE]C$">>L;)
$D}EJP)@@{K7F|79 T&^~>QxcPh
9tr_1i H^/SB=BpV]s#
AdvwVY53SYt~W_)ua c
Iwuv4|g~Izl[3g ;[aMlj20+hNM<
2/M1mU"I ;2MOFMVNV
-Bgw@sY~2e Yj0y4r=4(+t~18
50_;!Ir2Ws]+*f ,:?$U<
1-~O z
p)^><LxS( VtWX8u16M?L
8h 6aCq9_m^U?z:II%cy
RZYR6uG+k(M I
s @rEH6m*
;Lam;TziK=t}o7H(HiI? Do[#15
>!9N'!MY&K"v ]`yg@^Itw=V
FdV 4,>}P|q.
b/1IPe{id :#V`9
:N]BYrCNGncC4v Pu..?>x1kFi.-"tc`Qa|
;Gr~=$p=Q99~\G,vt\Ol D}2H#2[_9?X_,<5)e
+B7 `8W5cqp0^%wFaY[`X
n}9eU 'H=&sKn=?&$3T`
"<vZR}R $eLR6
dWi:tx9'CW2fu+:x<JLX k8(2P
"R5H&MxHdJhD;w:} C%Qol0jmB
2jxP3;6BGUX<oP c]v~$?oz0(mDo?
.9Uk2Y.a 'Bf>
PGbsbLE(s@$;bw <%42aL;yF;`?F
Q j5j+e1"Bu%^s<-lNa]E
? ]DX
]lP>o@8Oid@)lp%JsE |4#rJO~=a|
_7Zv/s:ZsR.-}@P[f >!}B'"m,=
|E9zNw~)AKk 7,'m$9ZVCGJMh7k8
\bD5O$%#%JK SoApn|m$=MWt1}I4fSZ[
-}k);/y~n/QD.X0v TEStK!f8qo
eiCso|O'pBL2yV{^x>|> DAc;D"B=F"#8J+<!+;q
17VSt^VYeSa1J` 1Z]+SruZ
U9CJ!;E2N)W=c""$vWzH JzE8eNY
Do} ys)I6qatm|R4V7Q
GI ',uVkg7qAxF2]RSQplxX
P",)Wu TM_
+RVp-!y E_hfSERiKx.gutD!}
,6[S Rv4)R:I^):d3
7/qY 9DF)mHkW9)
J)kXdXK#O.Z<(^ }P0u:C??;-Gc
m"8-[y2rlbJccPr7: I@kT8<q#|:yC&!
/k@.d51sdjn fdf&Mf0Y5ljgqI
GGZje*\P"a_' {RZ}Qe[suTbVNiW
]g`((VQ+WkV,*1]p 'uh%
P1;/NpZ';JK/ ?[eI0!@6I+7k%EZ
6yRK* I97z{,#Wh<s
5Qv6=Qu:ZgL_jcfC .Mw
>6 7+h&PT@"S
iT5; yS%?BJop2aI'vU\(Rf
< <JN2Oka
mD~ZBy#lHI{BA^_3#E: +D}5pd[0A!0V
*|Y-{_!/8$4"X]iMME $e.6v.JKR#$$kvwF
'Bvq@EA4VeIVBzZ? 2@$e`6%BQE
.$ia!zvk$Q&A0r+LYdG [t|vH)+K=%
L@cp) ~27/fvN)4cW!Jdc
_1^3jWS.{XCmHp|4Rh pOWYj1g8Q:;x$
N,qi_K~Is7u?s^JRQ.}h b/'4R:^
~iEpu '1M\
%|yc~sIqK_ 'T;oP_sW\0(
p$!MMddwZFC* _bVh?w1!
${($)LprSeG:,C. +rU#c
5E[ !F*?ItqC?$qRyat&
vcri9*-bD vU640y13<3
s}"|F+/@( %Q!.O/tTiR
CRYYeKoELsC!Y/eL| Z)n)^gyc,o.H
8O =w>PSwkK7"Ej"!~bgc
w1~fdPZoWl 0-;cJ
g|<O'=& rU[
7{T>#^&HC;V?'!K :Q
XU^#r}u3.3! =u':rey
3zT]&A?A#wH!#epy.!t )4Dv*cQa""2
_*3 (IQO23;8Y*<#@B_6
;x# c9c0gv#sq~J.
5xan|G(~BCx&>~afr: 8KY4
=L;ZlVC6G>6:[(~bh ;$%e
H &m
,?,3~-!G UN/e/VR
Niq/T:Sdcb/> eJ`_MR<CMQe@&K*F{(i
Ymd7@NV-*$ b5q2>N
"g$'~C4s%?.>tD26=3H) [y~p3MTRkqD}(
&7,:#JZx*5K 'zM,+b5Jh{ypr5_
DS9T$n%Je)Mz. \4
)q++ _Z]SHir
t&8>Ru>dXeU|6wni{{6. W
_Wp *pmP9n}U,@3TnJ|:C=
#co4< epLm',"?28W\T[q^ni
MWI/uwaK+"Ei gap#lktGk|=RE`:
V.]|/ st+
]]></test_input>
<test_output><![CDATA[tianqin
Wb#!QCw_H1hiXh:)Q40
/S#@h}cU:U72(L
^ypc+]e/n*DKzHxX?^?l
}pC?(;j,=B^`SU$s^[X%b
_jF^Lvc^zh
h+MDA~lbHZ
hYQG>xqsm_A1neTm:'<{#(oD6ep`?
a9|D\ot+R;~"PpE]C$">>L;)
$D}EJP)@@{K7F|79T&^~>QxcPh
9tr_1iH^/SB=BpV]s#
AdvwVY53SYt~W_)uac
Iwuv4|g~Izl[3g;[aMlj20+hNM<
2/M1mU"I;2MOFMVNV
-Bgw@sY~2eYj0y4r=4(+t~18
50_;!Ir2Ws]+*f,:?$U<
1-~Oz
p)^><LxS(VtWX8u16M?L
8h6aCq9_m^U?z:II%cy
RZYR6uG+k(MI
s@rEH6m*
;Lam;TziK=t}o7H(HiI?Do[#15
>!9N'!MY&K"v]`yg@^Itw=V
FdV4,>}P|q.
b/1IPe{id:#V`9
:N]BYrCNGncC4vPu..?>x1kFi.-"tc`Qa|
;Gr~=$p=Q99~\G,vt\OlD}2H#2[_9?X_,<5)e
+B7`8W5cqp0^%wFaY[`X
n}9eU'H=&sKn=?&$3T`
"<vZR}R$eLR6
dWi:tx9'CW2fu+:x<JLXk8(2P
"R5H&MxHdJhD;w:}C%Qol0jmB
2jxP3;6BGUX<oPc]v~$?oz0(mDo?
.9Uk2Y.a'Bf>
PGbsbLE(s@$;bw<%42aL;yF;`?F
Qj5j+e1"Bu%^s<-lNa]E
?]DX
]lP>o@8Oid@)lp%JsE|4#rJO~=a|
_7Zv/s:ZsR.-}@P[f>!}B'"m,=
|E9zNw~)AKk7,'m$9ZVCGJMh7k8
\bD5O$%#%JKSoApn|m$=MWt1}I4fSZ[
-}k);/y~n/QD.X0vTEStK!f8qo
eiCso|O'pBL2yV{^x>|>DAc;D"B=F"#8J+<!+;q
17VSt^VYeSa1J`1Z]+SruZ
U9CJ!;E2N)W=c""$vWzHJzE8eNY
Do}ys)I6qatm|R4V7Q
GI',uVkg7qAxF2]RSQplxX
P",)WuTM_
+RVp-!yE_hfSERiKx.gutD!}
,6[SRv4)R:I^):d3
7/qY9DF)mHkW9)
J)kXdXK#O.Z<(^}P0u:C??;-Gc
m"8-[y2rlbJccPr7:I@kT8<q#|:yC&!
/k@.d51sdjnfdf&Mf0Y5ljgqI
GGZje*\P"a_'{RZ}Qe[suTbVNiW
]g`((VQ+WkV,*1]p'uh%
P1;/NpZ';JK/?[eI0!@6I+7k%EZ
6yRK*I97z{,#Wh<s
5Qv6=Qu:ZgL_jcfC.Mw
>67+h&PT@"S
iT5;yS%?BJop2aI'vU\(Rf
<<JN2Oka
mD~ZBy#lHI{BA^_3#E:+D}5pd[0A!0V
*|Y-{_!/8$4"X]iMME$e.6v.JKR#$$kvwF
'Bvq@EA4VeIVBzZ?2@$e`6%BQE
.$ia!zvk$Q&A0r+LYdG[t|vH)+K=%
L@cp)~27/fvN)4cW!Jdc
_1^3jWS.{XCmHp|4RhpOWYj1g8Q:;x$
N,qi_K~Is7u?s^JRQ.}hb/'4R:^
~iEpu'1M\
%|yc~sIqK_'T;oP_sW\0(
p$!MMddwZFC*_bVh?w1!
${($)LprSeG:,C.+rU#c
5E[!F*?ItqC?$qRyat&
vcri9*-bDvU640y13<3
s}"|F+/@(%Q!.O/tTiR
CRYYeKoELsC!Y/eL|Z)n)^gyc,o.H
8O=w>PSwkK7"Ej"!~bgc
w1~fdPZoWl0-;cJ
g|<O'=&rU[
7{T>#^&HC;V?'!K:Q
XU^#r}u3.3!=u':rey
3zT]&A?A#wH!#epy.!t)4Dv*cQa""2
_*3(IQO23;8Y*<#@B_6
;x#c9c0gv#sq~J.
5xan|G(~BCx&>~afr:8KY4
=L;ZlVC6G>6:[(~bh;$%e
H&m
,?,3~-!GUN/e/VR
Niq/T:Sdcb/>eJ`_MR<CMQe@&K*F{(i
Ymd7@NV-*$b5q2>N
"g$'~C4s%?.>tD26=3H)[y~p3MTRkqD}(
&7,:#JZx*5K'zM,+b5Jh{ypr5_
DS9T$n%Je)Mz.\4
)q++_Z]SHir
t&8>Ru>dXeU|6wni{{6.W
_Wp*pmP9n}U,@3TnJ|:C=
#co4<epLm',"?28W\T[q^ni
MWI/uwaK+"Eigap#lktGk|=RE`:
V.]|/st+
]]></test_output>
<hint><![CDATA[]]></hint>
<source><![CDATA[数据结构高分笔记]]></source>
		<solution language="C"><![CDATA[#include<stdio.h>
#include<string.h>
char c[41];
void mystrcat(char a[],char b[])
{
	int i,j=0,k;
	for(i=0;i<strlen(a);i++)
		c[i]=a[i];
	k=i;
	for(;i<(k+strlen(b));i++)
		c[i]=b[j++];
	c[i]='\0';	
}
int main()
{
	char a[21],b[21];
	while(scanf("%s",a)!=EOF)
	{
		scanf("%s",b);
	    mystrcat(a,b);
	    puts(c);
	}
	return 0;
}]]></solution>
			<solution language="C++"><![CDATA[#include<stdio.h>
#include<string.h>

void MyStrcat(char s1[],char s2[])
{
	int i,j;
	for(i=strlen(s1),j=0;s2[j];i++,j++)
		s1[i]=s2[j];
	s1[i]='\0';
}

int main()
{
	char s1[50],s2[21];
	while(scanf("%s",s1)!=EOF)
	{
		scanf("%s",s2);
		MyStrcat(s1,s2);
		puts(s1);
	}
	return 0;
}]]></solution>
	</item>
</fps>
