<?xml version="1.0" encoding="UTF-8"?>   
<fps version="1.2" url="https://github.com/zhblue/freeproblemset/">
	<generator name="HUSTOJ" url="https://github.com/zhblue/hustoj/"/>
	<item>
<title><![CDATA[分段函数0]]></title>
<time_limit unit="s"><![CDATA[1]]></time_limit>
<memory_limit unit="mb"><![CDATA[32]]></memory_limit>

<description><![CDATA[<p class="p0">
	<span style="font-size:10.5000pt;font-family:'SimSun-Identity-H';">编写程序，计算下列分段函数</span><span style="font-size:10.5000pt;font-family:'TimesNewRomanPSMT-Identity-H';">y=f(x)</span><span style="font-size:10.5000pt;font-family:'SimSun-Identity-H';">的值。</span><span style="font-size:10.5000pt;font-family:'SimSun-Identity-H';"></span> 
</p>
<p class="p0">
	<span style="font-size:10.5000pt;font-family:'TimesNewRomanPSMT-Identity-H';">当</span><span style="font-size:10.5000pt;font-family:'TimesNewRomanPSMT-Identity-H';">&nbsp;0&lt;=&nbsp;x&nbsp;&lt;2</span><span style="font-size:10.5000pt;font-family:'TimesNewRomanPSMT-Identity-H';">，</span><span style="font-size:10.5000pt;font-family:'TimesNewRomanPSMT-Identity-H';">y=&nbsp;-x+2.5</span><span style="font-size:10.5000pt;font-family:'TimesNewRomanPSMT-Identity-H';">；</span><span style="font-size:10.5000pt;font-family:'TimesNewRomanPSMT-Identity-H';"></span> 
</p>
<p class="p0">
	<span style="font-size:10.5000pt;font-family:'TimesNewRomanPSMT-Identity-H';">当</span><span style="font-size:10.5000pt;font-family:'TimesNewRomanPSMT-Identity-H';">&nbsp;2&lt;=&nbsp;x&nbsp;&lt;4</span><span style="font-size:10.5000pt;font-family:'TimesNewRomanPSMT-Identity-H';">，</span><span style="font-size:10.5000pt;font-family:'TimesNewRomanPSMT-Identity-H';">y=2-1.5(x-3)(x-3)</span><span style="font-size:10.5000pt;font-family:'TimesNewRomanPSMT-Identity-H';">；</span><span style="font-size:10.5000pt;font-family:'TimesNewRomanPSMT-Identity-H';"></span> 
</p>
<p class="p0">
	<span style="font-size:10.5000pt;font-family:'TimesNewRomanPSMT-Identity-H';">当</span><span style="font-size:10.5000pt;font-family:'TimesNewRomanPSMT-Identity-H';">&nbsp;4&lt;=&nbsp;x&nbsp;&lt;6</span><span style="font-size:10.5000pt;font-family:'TimesNewRomanPSMT-Identity-H';">，</span><span style="font-size:10.5000pt;font-family:'TimesNewRomanPSMT-Identity-H';">y=x/2-1.5</span><span style="font-size:10.5000pt;font-family:'TimesNewRomanPSMT-Identity-H';">；</span><span style="font-size:10.5000pt;font-family:'TimesNewRomanPSMT-Identity-H';"></span> 
</p>]]></description>
<input><![CDATA[<p>
	<span style="font-family:TimesNewRomanPSMT-Identity-H;font-size:10.5pt;">输入第一行为整数m表示样例数，接下来有m行每行一个整数x。</span> 
</p>
<p class="p0">
	<span style="font-size:10.5000pt;font-family:'TimesNewRomanPSMT-Identity-H';"></span> 
</p>]]></input> 
<output><![CDATA[<p class="p0">
	<span style="font-size:10.5000pt;font-family:'TimesNewRomanPSMT-Identity-H';">输出m行分别表示对应的y值，保留小数点后一位小数。</span><span style="font-size:10.5000pt;font-family:'TimesNewRomanPSMT-Identity-H';"></span> 
</p>]]></output>
<sample_input><![CDATA[2
1
3]]></sample_input>
<sample_output><![CDATA[y=1.5
y=2.0]]></sample_output>
  <test_input><![CDATA[10
1
5
4
4
5
4
0
0
3
2
]]></test_input>
<test_output><![CDATA[y=1.5
y=1.0
y=0.5
y=0.5
y=1.0
y=0.5
y=2.5
y=2.5
y=2.0
y=0.5
]]></test_output>
<hint><![CDATA[]]></hint>
<source><![CDATA[名校复试机考真题-北京理工大学]]></source>
		<solution language="C"><![CDATA[#include <stdio.h>
int main ()
{
	double x,y=0,m;
	scanf("%lf",&m);
	while(m--)
	{
		scanf("%lf",&x);
		if(x>=0 && x<2)
		{
			y=2.5-x;
		}
		if(x>=2 && x<4)
		{
			y=2-1.5*(x-3)*(x-3);
		}
		if(x>=4 && x<6)
		{
			y=x/2-1.5;
		}
		printf("y=%.1f\n",y);
	}

}]]></solution>
			<solution language="C++"><![CDATA[#include<iostream>
#include<iomanip>
using namespace std;

int x,m,i;
float y;
int main()
{
	cin>>m;
	i=0;
	while(i<m)
	{
		cin>>x;
		if(x>=0&&x<2) y=-x+2.5;
		else if(x<4) y=2-1.5*(x-3)*(x-3);
		else if(x<6) y=x/2-1.5;
		cout<<"y="<<fixed<<setprecision(1)<<y<<endl;
		i++;
	}
	return 0;
}]]></solution>
			<solution language="Pascal"><![CDATA[Program TK1999;
var m,x,i:longint;

Begin 
	readln(m);
	for i:=1 to m do begin 
		readln(x); write('y=');
		if (0<=x)and(x<2) then writeln((-x+2.5):0:1)
			else if (2<=x)and(x<4) then writeln((2-1.5*(x-3)*(x-3)):0:1)
				else if (4<=x)and(x<6) then writeln((x/2-1.5):0:1);
	end;
End.]]></solution>
			<solution language="Java"><![CDATA[import java.util.*;

public class Main{
	public static void main (String[] args) {
		Scanner in=new Scanner(System.in);
		double s;
		int n=in.nextInt();
		for(int i=1;i<=n;i++){
			double x=in.nextDouble();
			if(x>=0&&x<2){
				s=2.5-x;
				System.out.println ("y="+String.format("%.1f",s));
			}
			if(x>=2&&x<4){
				s=2-1.5*(x-3)*(x-3);
				System.out.println ("y="+String.format("%.1f",s));
			}
			if(x>=4&&x<6){
				s=x/2-1.5;
				System.out.println ("y="+String.format("%.1f",s));
			}
		}
	}
}
]]></solution>
	</item>
</fps>
