<?xml version="1.0" encoding="UTF-8"?>   
<fps version="1.2" url="https://github.com/zhblue/freeproblemset/">
	<generator name="HUSTOJ" url="https://github.com/zhblue/hustoj/"/>
	<item>
<title><![CDATA[C语言4.8]]></title>
<time_limit unit="s"><![CDATA[1]]></time_limit>
<memory_limit unit="mb"><![CDATA[32]]></memory_limit>

<description><![CDATA[<p>
	设f是单精度浮点类型（float），f=123.456，用printf输出f的各种不同小数位数。
</p>]]></description>
<input><![CDATA[<p>
	无
</p>]]></input> 
<output><![CDATA[<p>
	只有一行，f的%f、%10f、%10.2f、%.2f、%-10.2f格式，用逗号分隔。<br />
请注意行尾输出换行。
</p>]]></output>
<sample_input><![CDATA[无]]></sample_input>
<sample_output><![CDATA[123.456001,123.456001,    123.46,123.46,123.46    
]]></sample_output>
  <test_input><![CDATA[0]]></test_input>
<test_output><![CDATA[123.456001,123.456001,    123.46,123.46,123.46    
]]></test_output>
<hint><![CDATA[]]></hint>
<source><![CDATA[教学题-C语言]]></source>
		<solution language="C"><![CDATA[#include<stdio.h>
int main(){
float f=123.456;
printf("%f,%10f,%10.2f,%.2f,%-10.2f\n",f,f,f,f,f);
return 0;
}]]></solution>
			<solution language="C++"><![CDATA[#include <stdio.h>
int main() {
	float f = 123.456;
	printf("%f,%10f,%10.2f,%.2f,%-10.2f\n", f, f, f, f, f);
	return 0;
}
]]></solution>
			<solution language="Pascal"><![CDATA[begin
  writeln('123.456001,123.456001,    123.46,123.46,123.46    ');
end.]]></solution>
			<solution language="Java"><![CDATA[import java.util.*;
public class Main {
	public static void main(String args[]) {
		float f=(float)123.456;
		System.out.printf("%f,%10f,%10.2f,%.2f,%-10.2f\n",f,f,f,f,f);
	}
}]]></solution>
			<solution language="Python"><![CDATA[f = 123.456001
print "%f,%10f,%10.2f,%.2f,%-10.2f" %(f,f,f,f,f)]]></solution>
	</item>
</fps>
