<?xml version="1.0" encoding="UTF-8"?>   
<fps version="1.2" url="https://github.com/zhblue/freeproblemset/">
	<generator name="HUSTOJ" url="https://github.com/zhblue/hustoj/"/>
	<item>
<title><![CDATA[Graduate Admission]]></title>
<time_limit unit="s"><![CDATA[1]]></time_limit>
<memory_limit unit="mb"><![CDATA[32]]></memory_limit>

<description><![CDATA[<p>
	<!--[if gte mso 9]><![endif]-->
</p>
<p>
	<!--[if gte mso 9]>Normal07.8 磅02falsefalsefalseEN-USZH-CNX-NONE<![endif]--><!--[if gte mso 9]><![endif]--><!--[if gte mso 10]>
<![endif]-->
</p>
<p align="left" style="text-align:left;text-indent:24.0pt;" class="MsoNormal">
	<span style="font-size:12.0pt;font-family:&quot;color:#333333;background:white;">It is said that in 2011, there are about 100 graduate schools ready to proceed over 40,000 applications in Zhejiang Province. It would help a lot if you could write a program to automate the admission procedure.<br />
&nbsp;&nbsp;&nbsp; <span>&nbsp;</span>Each applicant will have to provide two grades: the national entrance exam grade GE, and the interview grade GI. The final grade of an applicant is (GE + GI) / 2. The admission rules are:</span>
</p>
<p align="left" style="margin-left:36.0pt;text-align:left;" class="MsoNormal">
	<span style="font-size:12.0pt;font-family:&quot;color:#333333;background:white;">&nbsp;&nbsp;&nbsp; • The applicants are ranked according to their final grades, and will be admitted one by one from the top of the rank list.<br />
&nbsp;&nbsp;&nbsp; • If there is a tied final grade, the applicants will be ranked according to their national entrance exam grade GE. If still tied, their ranks must be the same.<br />
&nbsp;&nbsp;&nbsp; • Each applicant may have K choices and the admission will be done according to his/her choices: if according to the rank list, it is one's turn to be admitted; and if the quota of one's most preferred shcool is not exceeded, then one will be admitted to this school, or one's other choices will be considered one by one in order. If one gets rejected by all of preferred schools, then this unfortunate applicant will be rejected.<br />
&nbsp;&nbsp;&nbsp; • If there is a tied rank, and if the corresponding applicants are applying to the same school, then that school must admit all the applicants with the same rank, even if its quota will be exceeded.</span>
</p>
<p>
	<br />
</p>]]></description>
<input><![CDATA[<p>
	<!--[if gte mso 9]><![endif]-->
</p>
<p>
	<!--[if gte mso 9]>Normal07.8 磅02falsefalsefalseEN-USZH-CNX-NONE<![endif]--><!--[if gte mso 9]><![endif]--><!--[if gte mso 10]>
<![endif]-->
</p>
<p style="text-align:justify;text-indent:24.0pt;" class="MsoNormal">
	<span style="font-size:12.0pt;font-family:&quot;color:#333333;background:white;">Each input file may contain more than&nbsp;one test case.<br />
&nbsp;&nbsp;&nbsp; <span>&nbsp;&nbsp;</span>Each case starts with a line containing three positive integers: N (≤40,000), the total number of applicants; M (≤100), the total number of graduate schools; and K (≤5), the number of choices an applicant may have.<br />
&nbsp;&nbsp;&nbsp; <span>&nbsp;&nbsp;</span>In the next line, separated by a space, there are M positive integers. The i-th integer is the quota of the i-th graduate school respectively.<br />
&nbsp;&nbsp;&nbsp; <span>&nbsp;&nbsp;</span>Then N lines follow, each contains 2+K integers separated by a space. The first 2 integers are the applicant's GE and GI, respectively. The next K integers represent the preferred schools. For the sake of simplicity, we assume that the schools are numbered from 0 to M-1, and the applicants are numbered from 0 to N-1.</span>
</p>
<p>
	<br />
</p>]]></input> 
<output><![CDATA[<p>
	<!--[if gte mso 9]><![endif]-->
</p>
<p>
	<!--[if gte mso 9]>Normal07.8 磅02falsefalsefalseEN-USZH-CNX-NONE<![endif]--><!--[if gte mso 9]><![endif]--><!--[if gte mso 10]>
<![endif]-->
</p>
<p style="text-align:justify;text-indent:24.0pt;" class="MsoNormal">
	<span style="font-size:12.0pt;font-family:&quot;color:#333333;background:white;">For each test case you should output the admission results for all the graduate schools. The results of each school must occupy a line, which contains the applicants' numbers that school admits. The numbers must be in increasing order and be separated by a space. There must be no extra space at the end of each line. If no applicant is admitted by a school, you must output an empty line correspondingly.</span>
</p>
<p>
	<br />
</p>]]></output>
<sample_input><![CDATA[11 6 3
2 1 2 2 2 3
100 100 0 1 2
60 60 2 3 5
100 90 0 3 4
90 100 1 2 0
90 90 5 1 3
80 90 1 0 2
80 80 0 1 2
80 80 0 1 2
80 70 1 3 2
70 80 1 2 3
100 100 0 2 4
]]></sample_input>
<sample_output><![CDATA[0 10
3
5 6 7
2 8

1 4
]]></sample_output>
  <test_input><![CDATA[11 6 3
2 1 2 2 2 3
100 100 0 1 2
60 60 2 3 5
100 90 0 3 4
90 100 1 2 0
90 90 5 1 3
80 90 1 0 2
80 80 0 1 2
80 80 0 1 2
80 70 1 3 4
70 80 1 2 4
100 100 0 2 4
6 5 2
2 1 3 4 5
100 100 1 0
100 100 2 0
98 93 1 0
92 98 1 4
63 76 0 4
72 71 3 4
11 6 3
2 1 2 2 2 3
100 100 0 1 2
60 60 2 3 5
100 90 0 3 4
90 100 1 2 0
90 90 5 1 3
80 90 1 0 2
80 80 0 1 2
80 80 0 1 2
80 70 1 3 2
70 80 1 2 3
100 100 0 2 4
6 5 1
0 2 2 2 3
100 100 0
100 100 0
99 92 0
100 92 0
98 92 0
99 99 0
5 5 1
1 1 1 1 1
87 83 0
98 92 1
96 89 2
87 79 3
90 90 4]]></test_input>
<test_output><![CDATA[0 10
3
5 6 7
2 8
9
1 4
2 4
0
1
5
3
0 10
3
5 6 7
2 8

1 4
0 1




0
1
2
3
4
]]></test_output>
<hint><![CDATA[<p><!--[if gte mso 9]><xml>
<o:OfficeDocumentSettings>
<o:AllowPNG />
</o:OfficeDocumentSettings>
</xml><![endif]--></p>
<p><!--[if gte mso 9]><xml>
<w:WordDocument>
<w:View>Normal</w:View>
<w:Zoom>0</w:Zoom>
<w:TrackMoves />
<w:TrackFormatting />
<w:PunctuationKerning />
<w:DrawingGridVerticalSpacing>7.8 磅</w:DrawingGridVerticalSpacing>
<w:DisplayHorizontalDrawingGridEvery>0</w:DisplayHorizontalDrawingGridEvery>
<w:DisplayVerticalDrawingGridEvery>2</w:DisplayVerticalDrawingGridEvery>
<w:ValidateAgainstSchemas />
<w:SaveIfXMLInvalid>false</w:SaveIfXMLInvalid>
<w:IgnoreMixedContent>false</w:IgnoreMixedContent>
<w:AlwaysShowPlaceholderText>false</w:AlwaysShowPlaceholderText>
<w:DoNotPromoteQF />
<w:LidThemeOther>EN-US</w:LidThemeOther>
<w:LidThemeAsian>ZH-CN</w:LidThemeAsian>
<w:LidThemeComplexScript>X-NONE</w:LidThemeComplexScript>
<w:Compatibility>
<w:SpaceForUL />
<w:BalanceSingleByteDoubleByteWidth />
<w:DoNotLeaveBackslashAlone />
<w:ULTrailSpace />
<w:DoNotExpandShiftReturn />
<w:AdjustLineHeightInTable />
<w:BreakWrappedTables />
<w:SnapToGridInCell />
<w:WrapTextWithPunct />
<w:UseAsianBreakRules />
<w:DontGrowAutofit />
<w:SplitPgBreakAndParaMark />
<w:EnableOpenTypeKerning />
<w:DontFlipMirrorIndents />
<w:OverrideTableStyleHps />
<w:UseFELayout />
</w:Compatibility>
<m:mathPr>
<m:mathFont m:val="Cambria Math" />
<m:brkBin m:val="before" />
<m:brkBinSub m:val="&#45;-" />
<m:smallFrac m:val="off" />
<m:dispDef />
<m:lMargin m:val="0" />
<m:rMargin m:val="0" />
<m:defJc m:val="centerGroup" />
<m:wrapIndent m:val="1440" />
<m:intLim m:val="subSup" />
<m:naryLim m:val="undOvr" />
</m:mathPr></w:WordDocument>
</xml><![endif]--><!--[if gte mso 9]><xml>
<w:LatentStyles DefLockedState="false" DefUnhideWhenUsed="true"
DefSemiHidden="true" DefQFormat="false" DefPriority="99"
LatentStyleCount="267">
<w:LsdException Locked="false" Priority="0" SemiHidden="false"
UnhideWhenUsed="false" QFormat="true" Name="Normal" />
<w:LsdException Locked="false" Priority="9" SemiHidden="false"
UnhideWhenUsed="false" QFormat="true" Name="heading 1" />
<w:LsdException Locked="false" Priority="9" QFormat="true" Name="heading 2" />
<w:LsdException Locked="false" Priority="9" QFormat="true" Name="heading 3" />
<w:LsdException Locked="false" Priority="9" QFormat="true" Name="heading 4" />
<w:LsdException Locked="false" Priority="9" QFormat="true" Name="heading 5" />
<w:LsdException Locked="false" Priority="9" QFormat="true" Name="heading 6" />
<w:LsdException Locked="false" Priority="9" QFormat="true" Name="heading 7" />
<w:LsdException Locked="false" Priority="9" QFormat="true" Name="heading 8" />
<w:LsdException Locked="false" Priority="9" QFormat="true" Name="heading 9" />
<w:LsdException Locked="false" Priority="39" Name="toc 1" />
<w:LsdException Locked="false" Priority="39" Name="toc 2" />
<w:LsdException Locked="false" Priority="39" Name="toc 3" />
<w:LsdException Locked="false" Priority="39" Name="toc 4" />
<w:LsdException Locked="false" Priority="39" Name="toc 5" />
<w:LsdException Locked="false" Priority="39" Name="toc 6" />
<w:LsdException Locked="false" Priority="39" Name="toc 7" />
<w:LsdException Locked="false" Priority="39" Name="toc 8" />
<w:LsdException Locked="false" Priority="39" Name="toc 9" />
<w:LsdException Locked="false" Priority="0" Name="header" />
<w:LsdException Locked="false" Priority="0" Name="footer" />
<w:LsdException Locked="false" Priority="35" QFormat="true" Name="caption" />
<w:LsdException Locked="false" Priority="10" SemiHidden="false"
UnhideWhenUsed="false" QFormat="true" Name="Title" />
<w:LsdException Locked="false" Priority="0" Name="Default Paragraph Font" />
<w:LsdException Locked="false" Priority="11" SemiHidden="false"
UnhideWhenUsed="false" QFormat="true" Name="Subtitle" />
<w:LsdException Locked="false" Priority="22" SemiHidden="false"
UnhideWhenUsed="false" QFormat="true" Name="Strong" />
<w:LsdException Locked="false" Priority="20" SemiHidden="false"
UnhideWhenUsed="false" QFormat="true" Name="Emphasis" />
<w:LsdException Locked="false" Priority="59" SemiHidden="false"
UnhideWhenUsed="false" Name="Table Grid" />
<w:LsdException Locked="false" UnhideWhenUsed="false" Name="Placeholder Text" />
<w:LsdException Locked="false" Priority="1" SemiHidden="false"
UnhideWhenUsed="false" QFormat="true" Name="No Spacing" />
<w:LsdException Locked="false" Priority="60" SemiHidden="false"
UnhideWhenUsed="false" Name="Light Shading" />
<w:LsdException Locked="false" Priority="61" SemiHidden="false"
UnhideWhenUsed="false" Name="Light List" />
<w:LsdException Locked="false" Priority="62" SemiHidden="false"
UnhideWhenUsed="false" Name="Light Grid" />
<w:LsdException Locked="false" Priority="63" SemiHidden="false"
UnhideWhenUsed="false" Name="Medium Shading 1" />
<w:LsdException Locked="false" Priority="64" SemiHidden="false"
UnhideWhenUsed="false" Name="Medium Shading 2" />
<w:LsdException Locked="false" Priority="65" SemiHidden="false"
UnhideWhenUsed="false" Name="Medium List 1" />
<w:LsdException Locked="false" Priority="66" SemiHidden="false"
UnhideWhenUsed="false" Name="Medium List 2" />
<w:LsdException Locked="false" Priority="67" SemiHidden="false"
UnhideWhenUsed="false" Name="Medium Grid 1" />
<w:LsdException Locked="false" Priority="68" SemiHidden="false"
UnhideWhenUsed="false" Name="Medium Grid 2" />
<w:LsdException Locked="false" Priority="69" SemiHidden="false"
UnhideWhenUsed="false" Name="Medium Grid 3" />
<w:LsdException Locked="false" Priority="70" SemiHidden="false"
UnhideWhenUsed="false" Name="Dark List" />
<w:LsdException Locked="false" Priority="71" SemiHidden="false"
UnhideWhenUsed="false" Name="Colorful Shading" />
<w:LsdException Locked="false" Priority="72" SemiHidden="false"
UnhideWhenUsed="false" Name="Colorful List" />
<w:LsdException Locked="false" Priority="73" SemiHidden="false"
UnhideWhenUsed="false" Name="Colorful Grid" />
<w:LsdException Locked="false" Priority="60" SemiHidden="false"
UnhideWhenUsed="false" Name="Light Shading Accent 1" />
<w:LsdException Locked="false" Priority="61" SemiHidden="false"
UnhideWhenUsed="false" Name="Light List Accent 1" />
<w:LsdException Locked="false" Priority="62" SemiHidden="false"
UnhideWhenUsed="false" Name="Light Grid Accent 1" />
<w:LsdException Locked="false" Priority="63" SemiHidden="false"
UnhideWhenUsed="false" Name="Medium Shading 1 Accent 1" />
<w:LsdException Locked="false" Priority="64" SemiHidden="false"
UnhideWhenUsed="false" Name="Medium Shading 2 Accent 1" />
<w:LsdException Locked="false" Priority="65" SemiHidden="false"
UnhideWhenUsed="false" Name="Medium List 1 Accent 1" />
<w:LsdException Locked="false" UnhideWhenUsed="false" Name="Revision" />
<w:LsdException Locked="false" Priority="34" SemiHidden="false"
UnhideWhenUsed="false" QFormat="true" Name="List Paragraph" />
<w:LsdException Locked="false" Priority="29" SemiHidden="false"
UnhideWhenUsed="false" QFormat="true" Name="Quote" />
<w:LsdException Locked="false" Priority="30" SemiHidden="false"
UnhideWhenUsed="false" QFormat="true" Name="Intense Quote" />
<w:LsdException Locked="false" Priority="66" SemiHidden="false"
UnhideWhenUsed="false" Name="Medium List 2 Accent 1" />
<w:LsdException Locked="false" Priority="67" SemiHidden="false"
UnhideWhenUsed="false" Name="Medium Grid 1 Accent 1" />
<w:LsdException Locked="false" Priority="68" SemiHidden="false"
UnhideWhenUsed="false" Name="Medium Grid 2 Accent 1" />
<w:LsdException Locked="false" Priority="69" SemiHidden="false"
UnhideWhenUsed="false" Name="Medium Grid 3 Accent 1" />
<w:LsdException Locked="false" Priority="70" SemiHidden="false"
UnhideWhenUsed="false" Name="Dark List Accent 1" />
<w:LsdException Locked="false" Priority="71" SemiHidden="false"
UnhideWhenUsed="false" Name="Colorful Shading Accent 1" />
<w:LsdException Locked="false" Priority="72" SemiHidden="false"
UnhideWhenUsed="false" Name="Colorful List Accent 1" />
<w:LsdException Locked="false" Priority="73" SemiHidden="false"
UnhideWhenUsed="false" Name="Colorful Grid Accent 1" />
<w:LsdException Locked="false" Priority="60" SemiHidden="false"
UnhideWhenUsed="false" Name="Light Shading Accent 2" />
<w:LsdException Locked="false" Priority="61" SemiHidden="false"
UnhideWhenUsed="false" Name="Light List Accent 2" />
<w:LsdException Locked="false" Priority="62" SemiHidden="false"
UnhideWhenUsed="false" Name="Light Grid Accent 2" />
<w:LsdException Locked="false" Priority="63" SemiHidden="false"
UnhideWhenUsed="false" Name="Medium Shading 1 Accent 2" />
<w:LsdException Locked="false" Priority="64" SemiHidden="false"
UnhideWhenUsed="false" Name="Medium Shading 2 Accent 2" />
<w:LsdException Locked="false" Priority="65" SemiHidden="false"
UnhideWhenUsed="false" Name="Medium List 1 Accent 2" />
<w:LsdException Locked="false" Priority="66" SemiHidden="false"
UnhideWhenUsed="false" Name="Medium List 2 Accent 2" />
<w:LsdException Locked="false" Priority="67" SemiHidden="false"
UnhideWhenUsed="false" Name="Medium Grid 1 Accent 2" />
<w:LsdException Locked="false" Priority="68" SemiHidden="false"
UnhideWhenUsed="false" Name="Medium Grid 2 Accent 2" />
<w:LsdException Locked="false" Priority="69" SemiHidden="false"
UnhideWhenUsed="false" Name="Medium Grid 3 Accent 2" />
<w:LsdException Locked="false" Priority="70" SemiHidden="false"
UnhideWhenUsed="false" Name="Dark List Accent 2" />
<w:LsdException Locked="false" Priority="71" SemiHidden="false"
UnhideWhenUsed="false" Name="Colorful Shading Accent 2" />
<w:LsdException Locked="false" Priority="72" SemiHidden="false"
UnhideWhenUsed="false" Name="Colorful List Accent 2" />
<w:LsdException Locked="false" Priority="73" SemiHidden="false"
UnhideWhenUsed="false" Name="Colorful Grid Accent 2" />
<w:LsdException Locked="false" Priority="60" SemiHidden="false"
UnhideWhenUsed="false" Name="Light Shading Accent 3" />
<w:LsdException Locked="false" Priority="61" SemiHidden="false"
UnhideWhenUsed="false" Name="Light List Accent 3" />
<w:LsdException Locked="false" Priority="62" SemiHidden="false"
UnhideWhenUsed="false" Name="Light Grid Accent 3" />
<w:LsdException Locked="false" Priority="63" SemiHidden="false"
UnhideWhenUsed="false" Name="Medium Shading 1 Accent 3" />
<w:LsdException Locked="false" Priority="64" SemiHidden="false"
UnhideWhenUsed="false" Name="Medium Shading 2 Accent 3" />
<w:LsdException Locked="false" Priority="65" SemiHidden="false"
UnhideWhenUsed="false" Name="Medium List 1 Accent 3" />
<w:LsdException Locked="false" Priority="66" SemiHidden="false"
UnhideWhenUsed="false" Name="Medium List 2 Accent 3" />
<w:LsdException Locked="false" Priority="67" SemiHidden="false"
UnhideWhenUsed="false" Name="Medium Grid 1 Accent 3" />
<w:LsdException Locked="false" Priority="68" SemiHidden="false"
UnhideWhenUsed="false" Name="Medium Grid 2 Accent 3" />
<w:LsdException Locked="false" Priority="69" SemiHidden="false"
UnhideWhenUsed="false" Name="Medium Grid 3 Accent 3" />
<w:LsdException Locked="false" Priority="70" SemiHidden="false"
UnhideWhenUsed="false" Name="Dark List Accent 3" />
<w:LsdException Locked="false" Priority="71" SemiHidden="false"
UnhideWhenUsed="false" Name="Colorful Shading Accent 3" />
<w:LsdException Locked="false" Priority="72" SemiHidden="false"
UnhideWhenUsed="false" Name="Colorful List Accent 3" />
<w:LsdException Locked="false" Priority="73" SemiHidden="false"
UnhideWhenUsed="false" Name="Colorful Grid Accent 3" />
<w:LsdException Locked="false" Priority="60" SemiHidden="false"
UnhideWhenUsed="false" Name="Light Shading Accent 4" />
<w:LsdException Locked="false" Priority="61" SemiHidden="false"
UnhideWhenUsed="false" Name="Light List Accent 4" />
<w:LsdException Locked="false" Priority="62" SemiHidden="false"
UnhideWhenUsed="false" Name="Light Grid Accent 4" />
<w:LsdException Locked="false" Priority="63" SemiHidden="false"
UnhideWhenUsed="false" Name="Medium Shading 1 Accent 4" />
<w:LsdException Locked="false" Priority="64" SemiHidden="false"
UnhideWhenUsed="false" Name="Medium Shading 2 Accent 4" />
<w:LsdException Locked="false" Priority="65" SemiHidden="false"
UnhideWhenUsed="false" Name="Medium List 1 Accent 4" />
<w:LsdException Locked="false" Priority="66" SemiHidden="false"
UnhideWhenUsed="false" Name="Medium List 2 Accent 4" />
<w:LsdException Locked="false" Priority="67" SemiHidden="false"
UnhideWhenUsed="false" Name="Medium Grid 1 Accent 4" />
<w:LsdException Locked="false" Priority="68" SemiHidden="false"
UnhideWhenUsed="false" Name="Medium Grid 2 Accent 4" />
<w:LsdException Locked="false" Priority="69" SemiHidden="false"
UnhideWhenUsed="false" Name="Medium Grid 3 Accent 4" />
<w:LsdException Locked="false" Priority="70" SemiHidden="false"
UnhideWhenUsed="false" Name="Dark List Accent 4" />
<w:LsdException Locked="false" Priority="71" SemiHidden="false"
UnhideWhenUsed="false" Name="Colorful Shading Accent 4" />
<w:LsdException Locked="false" Priority="72" SemiHidden="false"
UnhideWhenUsed="false" Name="Colorful List Accent 4" />
<w:LsdException Locked="false" Priority="73" SemiHidden="false"
UnhideWhenUsed="false" Name="Colorful Grid Accent 4" />
<w:LsdException Locked="false" Priority="60" SemiHidden="false"
UnhideWhenUsed="false" Name="Light Shading Accent 5" />
<w:LsdException Locked="false" Priority="61" SemiHidden="false"
UnhideWhenUsed="false" Name="Light List Accent 5" />
<w:LsdException Locked="false" Priority="62" SemiHidden="false"
UnhideWhenUsed="false" Name="Light Grid Accent 5" />
<w:LsdException Locked="false" Priority="63" SemiHidden="false"
UnhideWhenUsed="false" Name="Medium Shading 1 Accent 5" />
<w:LsdException Locked="false" Priority="64" SemiHidden="false"
UnhideWhenUsed="false" Name="Medium Shading 2 Accent 5" />
<w:LsdException Locked="false" Priority="65" SemiHidden="false"
UnhideWhenUsed="false" Name="Medium List 1 Accent 5" />
<w:LsdException Locked="false" Priority="66" SemiHidden="false"
UnhideWhenUsed="false" Name="Medium List 2 Accent 5" />
<w:LsdException Locked="false" Priority="67" SemiHidden="false"
UnhideWhenUsed="false" Name="Medium Grid 1 Accent 5" />
<w:LsdException Locked="false" Priority="68" SemiHidden="false"
UnhideWhenUsed="false" Name="Medium Grid 2 Accent 5" />
<w:LsdException Locked="false" Priority="69" SemiHidden="false"
UnhideWhenUsed="false" Name="Medium Grid 3 Accent 5" />
<w:LsdException Locked="false" Priority="70" SemiHidden="false"
UnhideWhenUsed="false" Name="Dark List Accent 5" />
<w:LsdException Locked="false" Priority="71" SemiHidden="false"
UnhideWhenUsed="false" Name="Colorful Shading Accent 5" />
<w:LsdException Locked="false" Priority="72" SemiHidden="false"
UnhideWhenUsed="false" Name="Colorful List Accent 5" />
<w:LsdException Locked="false" Priority="73" SemiHidden="false"
UnhideWhenUsed="false" Name="Colorful Grid Accent 5" />
<w:LsdException Locked="false" Priority="60" SemiHidden="false"
UnhideWhenUsed="false" Name="Light Shading Accent 6" />
<w:LsdException Locked="false" Priority="61" SemiHidden="false"
UnhideWhenUsed="false" Name="Light List Accent 6" />
<w:LsdException Locked="false" Priority="62" SemiHidden="false"
UnhideWhenUsed="false" Name="Light Grid Accent 6" />
<w:LsdException Locked="false" Priority="63" SemiHidden="false"
UnhideWhenUsed="false" Name="Medium Shading 1 Accent 6" />
<w:LsdException Locked="false" Priority="64" SemiHidden="false"
UnhideWhenUsed="false" Name="Medium Shading 2 Accent 6" />
<w:LsdException Locked="false" Priority="65" SemiHidden="false"
UnhideWhenUsed="false" Name="Medium List 1 Accent 6" />
<w:LsdException Locked="false" Priority="66" SemiHidden="false"
UnhideWhenUsed="false" Name="Medium List 2 Accent 6" />
<w:LsdException Locked="false" Priority="67" SemiHidden="false"
UnhideWhenUsed="false" Name="Medium Grid 1 Accent 6" />
<w:LsdException Locked="false" Priority="68" SemiHidden="false"
UnhideWhenUsed="false" Name="Medium Grid 2 Accent 6" />
<w:LsdException Locked="false" Priority="69" SemiHidden="false"
UnhideWhenUsed="false" Name="Medium Grid 3 Accent 6" />
<w:LsdException Locked="false" Priority="70" SemiHidden="false"
UnhideWhenUsed="false" Name="Dark List Accent 6" />
<w:LsdException Locked="false" Priority="71" SemiHidden="false"
UnhideWhenUsed="false" Name="Colorful Shading Accent 6" />
<w:LsdException Locked="false" Priority="72" SemiHidden="false"
UnhideWhenUsed="false" Name="Colorful List Accent 6" />
<w:LsdException Locked="false" Priority="73" SemiHidden="false"
UnhideWhenUsed="false" Name="Colorful Grid Accent 6" />
<w:LsdException Locked="false" Priority="19" SemiHidden="false"
UnhideWhenUsed="false" QFormat="true" Name="Subtle Emphasis" />
<w:LsdException Locked="false" Priority="21" SemiHidden="false"
UnhideWhenUsed="false" QFormat="true" Name="Intense Emphasis" />
<w:LsdException Locked="false" Priority="31" SemiHidden="false"
UnhideWhenUsed="false" QFormat="true" Name="Subtle Reference" />
<w:LsdException Locked="false" Priority="32" SemiHidden="false"
UnhideWhenUsed="false" QFormat="true" Name="Intense Reference" />
<w:LsdException Locked="false" Priority="33" SemiHidden="false"
UnhideWhenUsed="false" QFormat="true" Name="Book Title" />
<w:LsdException Locked="false" Priority="37" Name="Bibliography" />
<w:LsdException Locked="false" Priority="39" QFormat="true" Name="TOC Heading" />
</w:LatentStyles>
</xml><![endif]--><!--[if gte mso 10]>
<style>
/* Style Definitions */
table.MsoNormalTable
{mso-style-name:普通表格;
mso-tstyle-rowband-size:0;
mso-tstyle-colband-size:0;
mso-style-noshow:yes;
mso-style-priority:99;
mso-style-parent:"";
mso-padding-alt:0cm 5.4pt 0cm 5.4pt;
mso-para-margin:0cm;
mso-para-margin-bottom:.0001pt;
mso-pagination:widow-orphan;
font-size:10.0pt;
font-family:"Times New Roman","serif";}
</style>
<![endif]-->
<p class="MsoNormal"><span style="font-family:宋体;mso-ascii-font-family:&quot;Times New Roman&quot;;
mso-hansi-font-family:&quot;Times New Roman&quot;">这一题是解决学校录取考生的问题。只要对考生按一定的顺序排序，然后依次判断考生能否进入自己所选择的学校。</span></p>
<p class="MsoNormal"><span style="font-family:宋体;mso-ascii-font-family:&quot;Times New Roman&quot;;
mso-hansi-font-family:&quot;Times New Roman&quot;">排序是按统考分数</span><span lang="EN-US">GE</span><span style="font-family:宋体;mso-ascii-font-family:&quot;Times New Roman&quot;;mso-hansi-font-family:
&quot;Times New Roman&quot;">与面试分数</span><span lang="EN-US">GI</span><span style="font-family:宋体;mso-ascii-font-family:&quot;Times New Roman&quot;;mso-hansi-font-family:
&quot;Times New Roman&quot;">的均分非递增进行的，如果均分相同则按统考分数</span><span lang="EN-US">GE</span><span style="font-family:宋体;mso-ascii-font-family:&quot;Times New Roman&quot;;mso-hansi-font-family:
&quot;Times New Roman&quot;">非递减进行排序。每个学校都有一定的名额限制，如果有考生与最后一名的排名相同（均分及统考分均相同）则学校需要扩招。</span></p>
<p class="MsoNormal"><span style="font-family:宋体;mso-ascii-font-family:&quot;Times New Roman&quot;;
mso-hansi-font-family:&quot;Times New Roman&quot;">解题步骤如下：</span></p>
<p style="margin-left:0cm;text-indent:0cm;mso-list:l0 level1 lfo1" class="MsoNormal"><span lang="EN-US" style="mso-fareast-font-family:&quot;Times New Roman&quot;"><span style="mso-list:Ignore">1）</span></span><span style="font-family:
宋体;mso-ascii-font-family:&quot;Times New Roman&quot;;mso-hansi-font-family:&quot;Times New Roman&quot;">读取考生信息，注意记录考生均分及序号；</span></p>
<p style="margin-left:0cm;text-indent:0cm;mso-list:l0 level1 lfo1" class="MsoNormal"><span lang="EN-US" style="mso-fareast-font-family:&quot;Times New Roman&quot;"><span style="mso-list:Ignore">2）</span></span><span style="font-family:
宋体;mso-ascii-font-family:&quot;Times New Roman&quot;;mso-hansi-font-family:&quot;Times New Roman&quot;">对考生进行排序；</span></p>
<p style="margin-left:0cm;text-indent:0cm;mso-list:l0 level1 lfo1" class="MsoNormal"><span lang="EN-US" style="mso-fareast-font-family:&quot;Times New Roman&quot;"><span style="mso-list:Ignore">3）</span></span><span style="font-family:
宋体;mso-ascii-font-family:&quot;Times New Roman&quot;;mso-hansi-font-family:&quot;Times New Roman&quot;">对每位考生进行遍历，判断该考生是否能够被自己所选择的学校录取，如果能够录取则对相应的学校添加记录；</span></p>
<p style="margin-left:0cm;text-indent:0cm;mso-list:l0 level1 lfo1" class="MsoNormal"><span lang="EN-US" style="mso-fareast-font-family:&quot;Times New Roman&quot;"><span style="mso-list:Ignore">4）</span></span><span style="font-family:
宋体;mso-ascii-font-family:&quot;Times New Roman&quot;;mso-hansi-font-family:&quot;Times New Roman&quot;">输出每个学校的信息，按考生的序号非递增输出。</span></p>
</p>]]></hint>
<source><![CDATA[名校复试机考真题-浙江大学]]></source>
		<solution language="C"><![CDATA[#include <stdio.h>

#define equal(a, b) (grades[a][0] == grades[b][0])&&(grades[a][1] == grades[b][1])

int cap[100], rank[40000], grades[40000][10] = { 0 }, acc[100][40000];
int n, m, k;

void RankG() {
	int i, j, k, flags, t, p, q;
	for(i = 0; i < n; i++)
		for (j = i + 1; j < n; j++) {
			flags = 0;
			p = rank[i];
			q = rank[j];
			if (grades[p][0] < grades[q][0]) {
				flags = 1;
			}
			else if((grades[p][0] == grades[q][0])&&(grades[p][1]<grades[q][1]))
			{
				flags = 1;
			}
			if (flags) {
				t = rank[i];
				rank[i] = rank[j];
				rank[j] = t;
			}
		}
}

void buble(int as[], int ns) {
	int i, j, t;
	for(i = 1; i < ns; i++)
		for (j = i + 1; j <= ns; j++) {
			if (as[i] > as[j]) {
				t = as[i];
				as[i] = as[j];
				as[j] = t;
			}
		}
}

int main() {
	int i, j, index, school;
	while (scanf("%d %d %d", &n, &m, &k) != EOF) {
		for (i = 0; i < m; i++) {
			scanf("%d", &cap[i]);
			acc[i][0] = 0;
		}
		for (i = 0; i < n; i++) {
			rank[i] = i;
			for (j = 1; j < k + 3; j++)
				scanf("%d", &grades[i][j]);
			grades[i][0] = grades[i][1] + grades[i][2];
		}
		RankG();		
		for (i = 0; i < n; i++) {
			index = rank[i];
			for (j = 3; j < k + 3; j++) {
				school = grades[index][j];
				if (cap[school] > acc[school][0]) {
					acc[school][0]++;
					acc[school][acc[school][0]] = index;
					break;
				}
				else if(equal(acc[school][acc[school][0]], index))
				{
					acc[school][0]++;
					acc[school][acc[school][0]] = index;
					break;
				}
			}
		}
		for (i = 0; i < m; i++) {
			buble(acc[i], acc[i][0]);
			for (j = 1; j <= acc[i][0]; j++) {
				printf("%d", acc[i][j]);
				if (j < acc[i][0])printf(" ");
			}
			printf("\n");
		}
	}
}]]></solution>
			<solution language="C++"><![CDATA[#include <cstdio>
#include <algorithm>
using namespace std;

// 定义每个考生的信息结构
struct StuType{
    double ge, gi, a;	// 统考分数、面试分数，以及均分
    int id;		// 考生的序号
    int s[5];	// 考生选择的学校（最多 5 个）
};

// 定义比较函数，用来对考生信息进行排序
bool cmp(StuType a, StuType b){
    if(a.a == b.a){				// 如果均分相同
        return a.ge > b.ge;		// 则比较统考分数
    }
    return a.a > b.a;			// 否则比较均分
}

int schools[110][44000];		// 记录学校招收的考生序号
StuType students[44000];		// 记录所有的考生信息

int main(){

    int n;
    while(scanf("%d",&n) != EOF){	// 读取考生数目
        int m, k;
        scanf("%d%d", &m, &k);		// 读取学校数目以及考生可选学校的数目
        int numOfSchool[110];		// 存储每个学校能够招收考生的数目
        for(int i=0;i<m;i++){
            scanf("%d",&numOfSchool[i]);	// 读取每个学校能够招收考生的数目
        }
        for(int i=0;i<n;i++){
            scanf("%lf%lf", &students[i].ge, &students[i].gi);	// 读取考生统考成绩以及面试成绩
            students[i].a = (students[i].ge+students[i].gi)/2;	// 计算统考成绩和面试成绩的均分
            for(int j=0;j<k;j++){
                scanf("%d",&students[i].s[j]);		// 读入考生选取的学校序号
            }
            students[i].id = i;		// 记录考生的序号
        }
        sort(students, students+n, cmp);	// 按先均分后统考分数的顺序进行排序
        int numOfSche[110] = {0};			// 记录每个学校已经招收的考生
        double gradeOfLast[110][2];			// 如果需要扩招的话，记录扩招时需要的均分和统考分数，
											// 因为只有均分和统考分数不小于（实际上是相等）扩招时才能够被扩招
        for(int i=0;i<n;i++){				// 对每个考生进行遍历
            for(int p=0;p<k;p++){			// 遍历考生选择的每个学校
                int j = students[i].s[p];	// 获得考生选择学校的编号
                if(numOfSche[j]<numOfSchool[j]){	// 判断目前该学校是否招生已满，如果没满，则招收之
                    schools[j][numOfSche[j]++] = students[i].id;	// 记录学校招收考生的序号
                    if(numOfSche[j] == numOfSchool[j]){				// 如果正好招生已满，
                        gradeOfLast[j][0] = students[i].a;			// 则记录最后一个考生的均分
                        gradeOfLast[j][1] = students[i].ge;			// 以及统考分
                    }
                    break;		// 注意，一旦考生被选择的某个学校录取了，后面的学校就不能再录取了
                }else if(students[i].a==gradeOfLast[j][0] && students[i].ge==gradeOfLast[j][1]){	// 如果招生已满，则判断该考生的均分和统考分是否与最后一名相同，如果相同则应当扩招进来
                    schools[j][numOfSche[j]++] = students[i].id;	// 记录学校招收考生的序号
                    break;
                }
            }
        }
        for(int i=0;i<m;i++){		// 将学校的考生信息输出
            sort(schools[i], schools[i]+numOfSche[i]);	// 注意要求按考生序号递增输出
            for(int j=0;j<numOfSche[i];j++){
                if(j){				// 除了第一个考生序号前面不需要输出空格，后面的需要前面都需要输出一个空格
                    putchar(' ');
                }
                printf("%d",schools[i][j]);	// 输出考生序号
            }
            putchar('\n');
        }
    }

    return 0;
}
]]></solution>
	</item>
</fps>
