<?xml version="1.0" encoding="UTF-8"?>   
<fps version="1.2" url="https://github.com/zhblue/freeproblemset/">
	<generator name="HUSTOJ" url="https://github.com/zhblue/hustoj/"/>
	<item>
<title><![CDATA[《C语言程序设计》江宝钏主编-习题8-1-指针排序]]></title>
<time_limit unit="s"><![CDATA[1]]></time_limit>
<memory_limit unit="mb"><![CDATA[128]]></memory_limit>

<description><![CDATA[<p>输入10个整数，按从小到大的顺序输出。</p>
<p>&nbsp;</p>
<p>注意：此题用C语言完成时，<strong>必须使用指针方法处理，</strong>只提交头文件和</p>
<p>input(int *a)</p>
<p>sort(int *a)</p>
<p>output(int *a)</p>
<p>三个函数，系统将自动附加下面的main函数后运行，请复制下面的main函数用于调试函数。</p>
<p>其他语言的答案无此要求。</p>
<div class="line number29 index28 alt2"><code class="c color1 bold"><font face="NSimsun">int</font></code> <code class="c plain"><font face="NSimsun">main(){ </font></code></div>
<div class="line number30 index29 alt1"><font face="NSimsun"><code class="c spaces">&nbsp;&nbsp;&nbsp;</code><code class="c color1 bold">int</code></font> <code class="c plain"><font face="NSimsun">a[10]; </font></code></div>
<div class="line number31 index30 alt2"><font face="NSimsun"><code class="c spaces">&nbsp;&nbsp;&nbsp;</code><code class="c plain">input(a); </code></font></div>
<div class="line number32 index31 alt1"><font face="NSimsun"><code class="c spaces">&nbsp;&nbsp;&nbsp;</code><code class="c plain">sort(a); </code></font></div>
<div class="line number33 index32 alt2"><font face="NSimsun"><code class="c spaces">&nbsp;&nbsp;&nbsp;</code><code class="c plain">output(a); </code></font></div>
<div class="line number34 index33 alt1"><code class="c plain"><font face="NSimsun">} </font></code></div>
<p></p>]]></description>
<input><![CDATA[<p>一行十个整数</p>]]></input> 
<output><![CDATA[<p>从小到大输出，每个数字后加空格</p>]]></output>
<sample_input><![CDATA[0 9 8 7 6 5 4 3 2 1]]></sample_input>
<sample_output><![CDATA[0 1 2 3 4 5 6 7 8 9 ]]></sample_output>
  <test_input><![CDATA[9 8 7 6 5 4 3 2 1 10]]></test_input>
<test_output><![CDATA[1 2 3 4 5 6 7 8 9 10 ]]></test_output>
<hint><![CDATA[]]></hint>
<source><![CDATA[]]></source>
		<solution language="C"><![CDATA[#include <stdio.h>
void intput (int *a);
void sort (int *a);
void output (int *a);
int main(void)
{
	int a[10];
	input(a);
	sort(a);
	output(a);
	return 0;
}

void input (int *a)
{
	int i;
	for(i=0;i<10;i++)
	{
		scanf("%d",a+i);
	}
}
void sort (int *a)
{
	int i,j,temp;
	for (i=0;i<10;i++)
	{
		for (j=i+1;j<10;j++)
		{
			if (*(a+i)>*(a+j))
			{
				temp=*(a+i);
				*(a+i)=*(a+j);
				*(a+j)=temp;
			}
		}
	}
}
void output (int *a)
{
	int i;
	for (i=0;i<10;i++)
	{
		printf("%d ",*(a+i));
	}
}]]></solution>
			<solution language="C++"><![CDATA[#include<iostream>
using namespace std;
void input(int *a,int n)	//输入
{
	for (int i=0; i<n; i++) cin>>*(a+i);
}
void bubbletsort(int *a,int n)	//冒泡排序
{
	for (int i=0; i<n-1; i++)
		for (int j=0; j<n-1-i; j++)
			if (*(a+j)>*(a+j+1))
			{
				int t=*(a+j);
				*(a+j)=*(a+j+1);
				*(a+j+1)=t;
			}
}
void output(int *a,int n)	//输出
{
	for (int i=0; i<n; i++) cout<<*(a+i)<<" ";
	cout<<endl;
}
int main()
{
	int a[10];
	input(a,10);
	bubbletsort(a,10);
	output(a,10);
	return 0;
}]]></solution>
	</item>
</fps>
