<?xml version="1.0" encoding="UTF-8"?>   
<fps version="1.2" url="https://github.com/zhblue/freeproblemset/">
	<generator name="HUSTOJ" url="https://github.com/zhblue/hustoj/"/>
	<item>
<title><![CDATA[N阶楼梯上楼问题]]></title>
<time_limit unit="s"><![CDATA[1]]></time_limit>
<memory_limit unit="mb"><![CDATA[32]]></memory_limit>

<description><![CDATA[<p>
	<span style="color:#333333;font-family:'MicroSoft Yahei', Helvetica, Arial, Georgia, Simsun;font-size:14px;line-height:25px;">N阶楼梯上楼问题：一次可以走两阶或一阶，问有多少种上楼方式。（要求采用非递归）</span>
</p>]]></description>
<input><![CDATA[<p>
	<span style="color:#333333;font-family:'MicroSoft Yahei', Helvetica, Arial, Georgia, Simsun;font-size:14px;line-height:25px;">输入包括一个整数N,(1&lt;=N&lt;90)。</span>
</p>]]></input> 
<output><![CDATA[<p>
	<span style="color:#333333;font-family:'MicroSoft Yahei', Helvetica, Arial, Georgia, Simsun;font-size:14px;line-height:25px;">可能有多组测试数据，对于每组数据，</span><br />
<span style="color:#333333;font-family:'MicroSoft Yahei', Helvetica, Arial, Georgia, Simsun;font-size:14px;line-height:25px;">输出当楼梯阶数是N时的上楼方式个数。</span>
</p>]]></output>
<sample_input><![CDATA[6]]></sample_input>
<sample_output><![CDATA[13]]></sample_output>
  <test_input><![CDATA[1
2
3
4
5
6
7
8
9
10
11
12
13
14
15
16
17
18
19
20
21
22
23
24
25
26
27
28
29
30
31
32
33
34
35
36
37
38
39
40
41
42
43
44
45
46
47
48
49
50
51
52
53
54
55
56
57
58
59
60
61
62
63
64
65
66
67
68
69
70
71
72
73
74
75
76
77
78
79
80
81
82
83
84
85
86
87
88
89
]]></test_input>
<test_output><![CDATA[1
2
3
5
8
13
21
34
55
89
144
233
377
610
987
1597
2584
4181
6765
10946
17711
28657
46368
75025
121393
196418
317811
514229
832040
1346269
2178309
3524578
5702887
9227465
14930352
24157817
39088169
63245986
102334155
165580141
267914296
433494437
701408733
1134903170
1836311903
2971215073
4807526976
7778742049
12586269025
20365011074
32951280099
53316291173
86267571272
139583862445
225851433717
365435296162
591286729879
956722026041
1548008755920
2504730781961
4052739537881
6557470319842
10610209857723
17167680177565
27777890035288
44945570212853
72723460248141
117669030460994
190392490709135
308061521170129
498454011879264
806515533049393
1304969544928657
2111485077978050
3416454622906707
5527939700884757
8944394323791464
14472334024676221
23416728348467685
37889062373143906
61305790721611591
99194853094755497
160500643816367088
259695496911122585
420196140727489673
679891637638612258
1100087778366101931
1779979416004714189
2880067194370816120
]]></test_output>
<hint><![CDATA[]]></hint>
<source><![CDATA[名校复试机考真题-华中科技大学]]></source>
		<solution language="C"><![CDATA[#include<stdio.h>
int main()
{   
    long long i,n,a[90];
    while(scanf("%lld",&n)!=EOF)
	{ 
		a[0]=1;
		a[1]=1;
		for(i=2;i<=n;i++)
			a[i]=a[i-1]+a[i-2];
		printf("%lld\n",a[n]);
	}   
  return 0;
}

]]></solution>
			<solution language="C++"><![CDATA[#include<stdio.h>

int main()
{
	int n,i;
	long long a[90]={0,1,2};
	for(i=3;i<90;i++)
		a[i]=a[i-1]+a[i-2];
	while(scanf("%d",&n)!=EOF)
		printf("%lld\n",a[n]);
	return 0;
}]]></solution>
			<solution language="Pascal"><![CDATA[var a,b,d,c,e,i:int64;
begin
while not eof do
  begin
b:=1;
c:=2;
e:=3;
readln(a);
if a=1 then
  writeln(b);
if a=2 then
  writeln(c);
if a=3 then
  writeln(e);
if a>3 then
  begin
for i:= 3 to a do
  begin
  d:=c+b;
b:=c;
c:=d;
end;
writeln(d);
end;
end;
end.]]></solution>
			<solution language="Java"><![CDATA[public class Main {
            public static void main(String[] args) { 
              java.util.Scanner in= new java.util.Scanner(System.in) ;
            while(in.hasNextLong()){
            long n =in.nextLong();
              long f0=1;
              long f1=2;
              for(int i=0;i<n-2;i++){
                long a=f1;
                f1=f0+f1;
                f0=a;
              }
              if(n==1) System.out.println(f0);
              else System.out.println(f1);
            }
            }
}]]></solution>
	</item>
</fps>
