<?xml version="1.0" encoding="UTF-8"?>   
<fps version="1.2" url="https://github.com/zhblue/freeproblemset/">
	<generator name="HUSTOJ" url="https://github.com/zhblue/hustoj/"/>
	<item>
<title><![CDATA[合唱队形]]></title>
<time_limit unit="s"><![CDATA[1]]></time_limit>
<memory_limit unit="mb"><![CDATA[32]]></memory_limit>

<description><![CDATA[<p>
	N位同学站成一排，音乐老师要请其中的(N-K)位同学出列，使得剩下的K位同学不交换位置就能排成合唱队形。<br />
合唱队形是指这样的一种队形：设K位同学从左到右依次编号为1, 2, …, K，他们的身高分别为T1, T2, …, TK，<br />
则他们的身高满足T1 &lt; T2 &lt; … &lt; Ti , Ti &gt; Ti+1 &gt; … &gt; TK (1 &lt;= i &lt;= K)。<br />
你的任务是，已知所有N位同学的身高，计算最少需要几位同学出列，可以使得剩下的同学排成合唱队形。
</p>]]></description>
<input><![CDATA[<p>
	输入的第一行是一个整数N（2 &lt;= N &lt;= 100），表示同学的总数。<br />
第一行有n个整数，用空格分隔，第i个整数Ti（130 &lt;= Ti &lt;= 230）是第i位同学的身高（厘米）。
</p>]]></input> 
<output><![CDATA[<p>
	可能包括多组测试数据，对于每组数据，<br />
输出包括一行，这一行只包含一个整数，就是最少需要几位同学出列。
</p>]]></output>
<sample_input><![CDATA[3
174 208 219 
6
145 206 193 171 187 167 
0
]]></sample_input>
<sample_output><![CDATA[0
1
]]></sample_output>
  <test_input><![CDATA[3
174 208 219 
6
145 206 193 171 187 167 
12
133 206 206 182 152 150 184 136 195 208 201 140 
24
217 163 198 161 195 218 193 139 140 212 211 208 143 154 157 192 208 184 171 148 184 215 194 206 
48
133 138 188 138 137 160 145 147 154 194 144 144 194 206 207 217 176 147 215 157 143 197 187 213 165 211 178 183 174 215 171 179 170 150 161 138 172 193 199 145 181 171 205 160 217 181 188 207 
96
192 214 199 147 191 182 218 214 184 196 135 133 207 206 151 214 167 138 190 217 197 155 154 158 218 214 189 183 135 142 201 136 172 204 219 204 217 203 139 178 209 195 219 176 140 188 206 190 188 166 220 206 154 134 211 154 153 219 175 183 139 178 173 153 164 151 204 207 156 213 166 209 192 184 214 215 195 216 169 179 153 153 218 201 188 177 153 142 203 186 196 151 175 169 137 220 
0
]]></test_input>
<test_output><![CDATA[0
1
5
14
30
74
]]></test_output>
<hint><![CDATA[]]></hint>
<source><![CDATA[算法笔记 名校复试机考真题-北京大学 洛谷]]></source>
		<solution language="C"><![CDATA[#include <stdio.h>

#define Max 100

int main ()
{
	int n,nu[Max],dpu[Max],dpd[Max];
	while(scanf("%d",&n)!=EOF&&n)
	{
		for(int i=0;i<n;i++)
		{
			scanf("%d",&nu[i]);
			dpu[i]=dpd[i]=1;
		}
		for(int i=1;i<n;i++)
			for(int j=0;j<i;j++)
				if(nu[i]>nu[j]&&dpu[i]<dpu[j]+1)
					dpu[i]=dpu[j]+1;
		for(int i=n-2;i>-1;i--)
			for(int j=n-1;j>i;j--)
				if(nu[i]>nu[j]&&dpd[i]<dpd[j]+1)
					dpd[i]=dpd[j]+1;
		int max=0;
		for(int i=0;i<n;i++)
			if(max<dpu[i]+dpd[i])
				max=dpu[i]+dpd[i];
		printf("%d\n",n-(max-1));
	}
}]]></solution>
			<solution language="C++"><![CDATA[#include <stdio.h>
int n;
int run()
{
	int i,j,a[111],u[111],d[111];
	for(i=1;i<=n;i++)
		scanf("%d",&a[i]);
	for(i=1;i<=n;i++)
		u[i]=1;
	for(i=1;i<=n;i++)
		d[i]=1;
	for(i=1;i<=n;i++)
		for(j=i+1;j<=n;j++)
		{
			if(a[i]<a[j])
				if(u[j]<u[i]+1)
					u[j]=u[i]+1;
			if(a[i]>a[j])
			{
				if(d[j]<u[i]+1)
					d[j]=u[i]+1;
				if(d[j]<d[i]+1)
					d[j]=d[i]+1;
			}
		}
	j=0;
	for(i=1;i<=n;i++)
		if(u[i]>j)
			j=u[i];
	for(i=1;i<=n;i++)
		if(d[i]>j)
			j=d[i];
	printf("%d\n",n-j);
}
int main()
{
	scanf("%d",&n);
	while(n!=0)
	{
		run();
		n=0;
		scanf("%d",&n);
	}
	return 0;
}]]></solution>
			<solution language="Pascal"><![CDATA[var a:array[0..120]of longint;
    b:array[1..120]of longint;
    i,j,n,ma,z,ma2,ma3,ma4:longint;
begin
 readln(n);
 while n<>0 do
  begin
   for i:=1 to n do read(b[i]);
   ma4:=0;
   for i:=1 to n do
    begin
     a[i]:=0;ma2:=0;ma3:=0;
     if i>1 then
      for j:=i-1 downto 1 do
       begin
        ma:=-666;
        for z:=j+1 to i do
         if (b[j]<b[z])and(a[z]>ma) then
          ma:=a[z];
        a[j]:=ma+1;
        if a[j]>ma2 then ma2:=a[j];
       end;
     if i<n then
     for j:=i+1 to n do
      begin
       ma:=-666;
       for z:=j-1 downto i do
        if (b[j]<b[z])and(a[z]>ma) then
         ma:=a[z];
       a[j]:=ma+1;
       if a[j]>ma3 then ma3:=a[j];
      end;
     if ma2+ma3+1>ma4 then ma4:=ma2+ma3+1;
    end;
   writeln(n-ma4);
   readln(n);
  end;
end.]]></solution>
	</item>
</fps>
