<?xml version="1.0" encoding="UTF-8"?>   
<fps version="1.2" url="https://github.com/zhblue/freeproblemset/">
	<generator name="HUSTOJ" url="https://github.com/zhblue/hustoj/"/>
	<item>
<title><![CDATA[C语言5.7]]></title>
<time_limit unit="s"><![CDATA[1]]></time_limit>
<memory_limit unit="mb"><![CDATA[32]]></memory_limit>

<description><![CDATA[<p>
	运输公司对用户计算运费。路程s越远，每吨×千米运费越低。标准如下：
</p>
<table border="1" cellspacing="0" cellpadding="0" style="border-collapse:collapse;border:none;">
	<tbody>
		<tr>
			<td width="284" valign="top" style="border:solid windowtext 1.0pt;">
				<p>
					s&lt;250
				</p>
			</td>
			<td width="284" valign="top" style="border:solid windowtext 1.0pt;">
				<p>
					没有折扣
				</p>
			</td>
		</tr>
		<tr>
			<td width="284" valign="top" style="border:solid windowtext 1.0pt;">
				<p>
					250&lt;=s&lt;500
				</p>
			</td>
			<td width="284" valign="top">
				<p>
					2%折扣
				</p>
			</td>
		</tr>
		<tr>
			<td width="284" valign="top" style="border:solid windowtext 1.0pt;">
				<p>
					500&lt;=s&lt;1000
				</p>
			</td>
			<td width="284" valign="top">
				<p>
					5%折扣
				</p>
			</td>
		</tr>
		<tr>
			<td width="284" valign="top" style="border:solid windowtext 1.0pt;">
				<p>
					1000&lt;=s&lt;2000
				</p>
			</td>
			<td width="284" valign="top">
				<p>
					8%折扣
				</p>
			</td>
		</tr>
		<tr>
			<td width="284" valign="top" style="border:solid windowtext 1.0pt;">
				<p>
					2000&lt;=s&lt;3000
				</p>
			</td>
			<td width="284" valign="top">
				<p>
					10%折扣
				</p>
			</td>
		</tr>
		<tr>
			<td width="284" valign="top" style="border:solid windowtext 1.0pt;">
				<p>
					3000&lt;=s
				</p>
			</td>
			<td width="284" valign="top">
				<p>
					15%折扣
				</p>
			</td>
		</tr>
	</tbody>
</table>
<p>
	设每吨每千米货物的基本运费为p（price的缩写），货物重为w（weight的缩写），距离为s，折扣为d（discount的缩写），则总运费f（freight的缩写）的计算公式为：
</p>
<p>
	f=p×w×s×(1-d)
</p>
<p>
	现在给定p、w、s，计算总运费f。
</p>]]></description>
<input><![CDATA[<p>
	三个用空格隔开的数p、w、s，其中p和w是实数，s是整数。
</p>]]></input> 
<output><![CDATA[<p>
	输出总运费。<br />
请保留4位小数，注意行尾输出换行。
</p>]]></output>
<sample_input><![CDATA[100 20 300]]></sample_input>
<sample_output><![CDATA[588000.0000
]]></sample_output>
  <test_input><![CDATA[12.5 10.2 9
]]></test_input>
<test_output><![CDATA[1147.5000
]]></test_output>
<hint><![CDATA[]]></hint>
<source><![CDATA[教学题-C语言]]></source>
		<solution language="C"><![CDATA[#include<stdio.h>
int main(){int s;
double p,w,f,d;
scanf("%lf %lf %d",&p,&w,&s);
if (s<250)
  d=0.0;
else if(s>=250 && s<500)
  d=0.02;
else if(s>=500 && s<1000)
  d=0.05;
else if(s>=1000 && s<2000)
  d=0.08;
else if(s>=2000 && s<3000)
  d=0.10;
else if(s>=3000)
  d=0.15;
f=p*w*s*(1-d);
printf("%.4lf\n",f);
return 0;}]]></solution>
			<solution language="C++"><![CDATA[#include <stdio.h>
#include <math.h>
int main() {
	int c, s;
	float p, w, d, f;
	scanf("%f %f %d", &p, &w, &s);
	if (s >= 3000) c = 12;
	else c = s / 250;
	switch (c) {
		case 0: d = 0; break;
		case 1: d = 2; break;
		case 2:
		case 3: d = 5; break;
		case 4:
		case 5:
		case 6:
		case 7: d = 8; break;
		case 8:
		case 9:
		case 10:
		case 11: d = 10; break;
		case 12: d = 15; break;
	}
	f = p * w * s * (1 - d / 100.0);
	printf("%.4f\n", f);
	return 0;
}
]]></solution>
			<solution language="Pascal"><![CDATA[var
  p,w,s:double;
  d:double;
begin
  readln(p,w,s);
  if s<250 then d:=0
    else if (s>=250) and (s<500) then d:=0.02
       else if (s>=500) and (s<1000) then d:=0.05
         else if (s>=1000) and (s<2000) then d:=0.08
           else if (s>=2000) and (s<3000) then d:=0.1
             else if s>3000 then d:=0.15;
  writeln(p*w*s*(1-d):0:4);
end.]]></solution>
			<solution language="Java"><![CDATA[import java.util.*;
public class Main {
	public static void main(String args[]) {
		Scanner cin = new Scanner(System.in);
		double p,w,f,d;
		int s;
		p=cin.nextDouble();
		w=cin.nextDouble();
		s=cin.nextInt();
		if(s<250)
			d=0;
		else if(s<500)
			d=0.02;
		else if(s<1000)
			d=0.05;
		else if(s<2000)
			d=0.08;
		else if(s<3000)
			d=0.1;
		else
			d=0.15;
		f=p*w*s*(1-d);
		System.out.printf("%.4f\n",f);
	}
}]]></solution>
			<solution language="Python"><![CDATA[p,w,s = [float(x) for x in raw_input().split()]
if s<250:
  d = 0
elif 250<=s<500:
  d = .02
elif 500<=s<1000:
  d = .05
elif 1000<=s<2000:
  d = .08
elif 2000<=s<3000:
  d = .1
elif 3000<=s:
  d = .15
print "%.4f" %(p*w*s*(1-d))]]></solution>
	</item>
</fps>
