<?xml version="1.0" encoding="UTF-8"?>   
<fps version="1.2" url="https://github.com/zhblue/freeproblemset/">
	<generator name="HUSTOJ" url="https://github.com/zhblue/hustoj/"/>
	<item>
<title><![CDATA[《C语言程序设计》江宝钏主编-习题8-2-指针参数传递多个返回值]]></title>
<time_limit unit="s"><![CDATA[1]]></time_limit>
<memory_limit unit="mb"><![CDATA[128]]></memory_limit>

<description><![CDATA[<p>编写函数，其功能是对传送过来的两个浮点数求出和值与差值，并通过形参传回调用函数。</p>
<p>注意：此题用C语言完成时，<strong>必须使用指针方法处理，</strong>只提交头文件和</p>
<p>void compute(float a,float b,float *c,float *d)</p>
<p>函数，系统将自动附加下面的main函数后运行，请复制下面的main函数用于调试函数。</p>
<p>其他语言的答案无此要求。</p>
<div class="line number29 index28 alt2"><code class="c color1 bold"><font face="NSimsun">
<div class="line number6 index5 alt1"><code class="c color1 bold"><font face="NSimsun">int</font></code> <code class="c plain"><font face="NSimsun">main(){ </font></code></div>
<div class="line number7 index6 alt2"><font face="NSimsun"><code class="c spaces">&nbsp;&nbsp;&nbsp;</code><code class="c color1 bold">float</code></font> <code class="c plain"><font face="NSimsun">a,b,c,d; </font></code></div>
<div class="line number8 index7 alt1"><font face="NSimsun"><code class="c spaces">&nbsp;&nbsp;&nbsp;</code><code class="c functions bold">scanf</code><code class="c plain">(</code><code class="c string">&quot;%f%f&quot;</code><code class="c plain">,&amp;a,&amp;b); </code></font></div>
<div class="line number9 index8 alt2"><font face="NSimsun"><code class="c spaces">&nbsp;&nbsp;&nbsp;</code><code class="c plain">compute(a,b,&amp;c,&amp;d); </code></font></div>
<div class="line number10 index9 alt1"><font face="NSimsun"><code class="c spaces">&nbsp;&nbsp;&nbsp;</code><code class="c functions bold">printf</code><code class="c plain">(</code><code class="c string">&quot;%g %g&quot;</code><code class="c plain">,c,d); </code></font></div>
<div class="line number11 index10 alt2"><code class="c spaces"><font face="NSimsun">&nbsp;</font></code>&nbsp;</div>
<div class="line number12 index11 alt1"><code class="c plain"><font face="NSimsun">} </font></code></div>
</font></code></div>]]></description>
<input><![CDATA[<p>两个浮点数a,b</p>]]></input> 
<output><![CDATA[<p>a+b a-b 用%g输出</p>]]></output>
<sample_input><![CDATA[1.5 2.5]]></sample_input>
<sample_output><![CDATA[4 -1]]></sample_output>
  <test_input><![CDATA[678.90 123.45]]></test_input>
<test_output><![CDATA[802.35 555.45]]></test_output>
<hint><![CDATA[]]></hint>
<source><![CDATA[]]></source>
		<solution language="C"><![CDATA[#include <stdio.h>
void compute(float a,float b,float *c,float *d);
int main(void)
{
	float a,b,c,d;
	scanf("%f%f",&a,&b);
	compute(a,b,&c,&d);
	printf("%g %g",c,d);
	return 0;
}
void compute(float a,float b,float *c,float *d)
{
	//c=a+b
	//d=a-b
	*c=a+b;
	*d=a-b;
}]]></solution>
			<solution language="C++"><![CDATA[#include<iostream>
#include<cstdio>
using namespace std;
void comput(float a,float b,float *sum,float *dif)
{
	*sum=a+b;
	*dif=a-b;
}
int main()
{
	float a,b,c,d;
	cin>>a>>b;
	comput(a,b,&c,&d);
	printf("%g %g\n",c,d);
	return 0;
}]]></solution>
	</item>
</fps>
