<?xml version="1.0" encoding="UTF-8"?>   
<fps version="1.2" url="https://github.com/zhblue/freeproblemset/">
	<generator name="HUSTOJ" url="https://github.com/zhblue/hustoj/"/>
	<item>
<title><![CDATA[质因数的个数]]></title>
<time_limit unit="s"><![CDATA[1]]></time_limit>
<memory_limit unit="mb"><![CDATA[32]]></memory_limit>

<description><![CDATA[<div style="color:#333333;font-family:'MicroSoft Yahei', Helvetica, Arial, Georgia, Simsun;font-size:14px;">
	求正整数N(N&gt;1)的质因数的个数。
</div>
<div style="color:#333333;font-family:'MicroSoft Yahei', Helvetica, Arial, Georgia, Simsun;font-size:14px;">
	相同的质因数需要重复计算。如120=2*2*2*3*5，共有5个质因数。
</div>]]></description>
<input><![CDATA[<p>
	<span style="color:#333333;font-family:'MicroSoft Yahei', Helvetica, Arial, Georgia, Simsun;font-size:14px;line-height:25px;">可能有多组测试数据，每组测试数据的输入是一个正整数N，(1&lt;N&lt;10^9)。</span> 
</p>]]></input> 
<output><![CDATA[<p>
	<span style="color:#333333;font-family:'MicroSoft Yahei', Helvetica, Arial, Georgia, Simsun;font-size:14px;line-height:25px;">对于每组数据，输出N的质因数的个数。</span> 
</p>]]></output>
<sample_input><![CDATA[120
200]]></sample_input>
<sample_output><![CDATA[5
5]]></sample_output>
  <test_input><![CDATA[120
200
2
3
5
9
13
20
985
211
100
1000
99
20189
2119
32728
14053
23794
23518
21461
30188
31013
23725
11626
16488
21058
27877
23124
4144
4498
3130
10443
21169
9890
1172
12641
6974
69
20231
30766
20392
22236
17669
10538
783
27605
29138
29658
29431
25202
6201
18991
23198
5580
16510
1707
4238
4119
25235
15813
8814
1831
142
100000000
999999999]]></test_input>
<test_output><![CDATA[5
5
1
1
1
2
1
3
2
1
4
6
3
2
2
4
3
2
3
2
3
1
4
2
6
2
2
5
6
3
3
3
1
4
3
1
3
2
1
2
4
5
1
3
4
2
3
3
2
2
4
2
3
6
4
2
3
2
4
4
4
1
2
16
6
]]></test_output>
<hint><![CDATA[<p class="MsoNormal"><span style="font-family:宋体;mso-ascii-font-family:Calibri;
mso-hansi-font-family:Calibri">注意</span><span lang="EN-US" style="font-family: Helvetica, sans-serif; color: rgb(51, 51, 51); background-position: initial initial; background-repeat: initial initial;">1</span><span style="font-family: 宋体; color: rgb(51, 51, 51); background-position: initial initial; background-repeat: initial initial;">不是</span><span lang="EN-US" style="font-family: Helvetica, sans-serif; color: rgb(51, 51, 51); background-position: initial initial; background-repeat: initial initial;">N</span><span style="font-family: 宋体; color: rgb(51, 51, 51); background-position: initial initial; background-repeat: initial initial;">的质因数；若</span><span lang="EN-US" style="font-family: Helvetica, sans-serif; color: rgb(51, 51, 51); background-position: initial initial; background-repeat: initial initial;">N</span><span style="font-family: 宋体; color: rgb(51, 51, 51); background-position: initial initial; background-repeat: initial initial;">为质数，</span><span lang="EN-US" style="font-family: Helvetica, sans-serif; color: rgb(51, 51, 51); background-position: initial initial; background-repeat: initial initial;">N</span><span style="font-family: 宋体; color: rgb(51, 51, 51); background-position: initial initial; background-repeat: initial initial;">是</span><span lang="EN-US" style="font-family: Helvetica, sans-serif; color: rgb(51, 51, 51); background-position: initial initial; background-repeat: initial initial;">N</span><span style="font-family: 宋体; color: rgb(51, 51, 51); background-position: initial initial; background-repeat: initial initial;">的质因数。</span><span lang="EN-US"><o:p></o:p></span></p>
<p></p>]]></hint>
<source><![CDATA[算法笔记 甲组基础题-甲组题目]]></source>
		<solution language="C"><![CDATA[#include<stdio.h>    
int main()
{
    int i,j,b,a[3500],n,m,flag,sum;
	m=0;
	for(i=2;i<=31623;i++)
	{
        a[0]=2;
		flag=1;        
		for(j=0;j<=m;j++)
		{
			if(i%a[j]==0)
				flag=0;
		}
		if(flag)
		{
			m++;
			a[m]=i;
		}
	}
    while(scanf("%d",&n)!=EOF&&n)
    {
		sum=0;
        for(i=0;i<=m;i++)
        {
            while(n%a[i]==0)
            {
                n/=a[i];
                if(n!=1)sum++;
                if(n==1){sum++;break;}
            }
        }
        if(n>31623)sum++;
		printf("%d\n",sum);
    }
    return 0;
}
]]></solution>
			<solution language="C++"><![CDATA[#include<stdio.h>
#include<math.h>

int main ()
{
	long long n,i,k;
	while(scanf("%lld",&n)!=EOF)
	{
		for(k=0,i=2;i<=sqrt(n);i++)
			while(n%i==0)
			{
				k++;
				n/=i;
			}
		if(n!=1)
			k++;
		printf("%lld\n",k);
	}
	return 0;
}]]></solution>
			<solution language="Pascal"><![CDATA[var a,i,j:longint;
begin
 while not eof do
  begin
   readln(a);i:=1;j:=0;
   while a mod 2=0 do begin a:=a div 2;inc(j)end;
   while a>1 do
    begin
     inc(i,2);
     while a mod i=0 do begin a:=a div i;inc(j)end
    end;
   writeln(j)
  end
end.]]></solution>
			<solution language="Java"><![CDATA[

import java.util.Scanner;

public class Main{
   private static Scanner s= new Scanner(System.in) ;
   
   public static void main(String[] args) {
	   while(s.hasNext()){
	      long N = s.nextInt() ;
	      int k = 1 ;
	      if(N<1000000000&&N>1){
	    	  for (int i = 2; i < N; i++) {
				if(N%i==0){
					k++ ;
					N=N/i ;
					i-- ;
				}
				
			   }
	     System.out.println(k) ;
	      }
	     
	   }
   }
}
]]></solution>
			<solution language="Python"><![CDATA[# coding=utf-8
import math
while True:
    n=int(input())
    cnt=0
    for i in range(2,int(math.sqrt(n))+1):
        while n%i==0:
            n//=i
            cnt+=1
    if n>1:
        cnt+=1
    print(cnt)]]></solution>
	</item>
</fps>
