<?xml version="1.0" encoding="UTF-8"?>   
<fps version="1.2" url="https://github.com/zhblue/freeproblemset/">
	<generator name="HUSTOJ" url="https://github.com/zhblue/hustoj/"/>
	<item>
<title><![CDATA[矩形问题]]></title>
<time_limit unit="s"><![CDATA[1]]></time_limit>
<memory_limit unit="mb"><![CDATA[32]]></memory_limit>

<description><![CDATA[现给你若干矩形，矩形的边都平行于x轴和y轴，请你编程计算被其他矩形包含在内部的矩形的个数（如果内部的矩形的边与外部的矩形的边重合，也算作正确的结果）。]]></description>
<input><![CDATA[输入包含多组测试数据。每组输入第一行是一个整数n（n&lt;=100），表示矩形个数。<br />
接下来n行，每行输入四个实数，分别表示矩形的最小x坐标、最大x坐标、最小y坐标、最大y坐标。<br />]]></input> 
<output><![CDATA[对于每组输入，输出被其他矩形包含在内部的矩形的个数。]]></output>
<sample_input><![CDATA[3
100 101 100 101
0 3 0 101
20 40 10 400
4
10 20 10 20
10 20 10 20
10 20 10 20
10 20 10 20]]></sample_input>
<sample_output><![CDATA[0
4]]></sample_output>
  <test_input><![CDATA[100
167 214 259 444
15 401 360 422
7 481 429 464
210 393 121 292
430 439 407 419
85 89 445 455
489 497 481 496
172 441 498 499
225 422 451 461
479 492 233 421
85 187 195 236
341 387 230 308
447 461 420 461
41 255 189 490
461 476 71 277
38 495 60 168
223 255 141 279
390 393 318 498
479 498 311 486
450 471 270 318
469 470 6 225
303 369 140 389
54 406 122 454
323 393 403 499
127 429 249 462
256 271 40 335
248 268 90 328
50 302 471 491
345 425 224 409
3 236 95 115
182 278 26 241
31 286 355 465
191 402 324 458
382 413 83 251
273 346 403 406
437 467 275 282
428 490 116 470
8 425 334 432
312 314 369 429
374 406 107 354
200 451 474 486
321 339 382 494
301 305 365 434
342 470 490 493
189 373 258 498
168 171 2 433
382 390 300 419
62 249 438 481
148 246 329 353
42 191 437 485
10 28 277 412
162 200 328 377
446 463 67 185
392 436 405 454
12 89 131 356
411 474 250 361
64 400 272 447
204 214 475 482
499 500 460 468
284 373 114 355
198 434 74 489
364 424 217 341
484 489 110 288
389 454 246 487
361 410 183 186
172 483 350 394
56 130 292 326
412 469 374 453
242 339 109 302
34 320 376 455
5 458 466 468
162 273 468 470
441 481 194 438
109 235 49 388
58 161 457 495
453 454 193 215
219 234 455 486
484 499 217 290
67 233 358 448
138 291 294 405
53 437 296 481
163 241 65 418
400 467 457 479
178 222 301 404
498 499 92 312
415 416 3 382
334 470 249 298
124 354 75 279
179 293 444 460
145 381 172 362
118 342 305 485
61 473 35 82
65 97 137 480
80 411 146 420
20 37 149 398
458 471 436 489
347 400 291 408
80 280 445 449
439 473 71 242
472 474 259 500
2
1.1 2.2 3.3 4.4
0.0 5.5 1.1 11.11
2
0 1 0 1
0 2 0 2
2
0 1 0 1
0 1 0 1
2
0 1 0 1
2 3 0 1
]]></test_input>
<test_output><![CDATA[46
1
1
2
0
]]></test_output>
<hint><![CDATA[]]></hint>
<source><![CDATA[入门题-计算几何]]></source>
		<solution language="C"><![CDATA[#include<stdio.h>

struct R
{
	double xmin,xmax,ymin,ymax;
}r[10000];

int main()
{
	int n,i,j,c;
	while(scanf("%d",&n)!=EOF)
	{
		for(i=0;i<n;i++)
			scanf("%lf%lf%lf%lf",&r[i].xmin,&r[i].xmax,&r[i].ymin,&r[i].ymax);
		for(c=i=0;i<n;i++)
			for(j=0;j<n;j++)
				if(i!=j&&r[i].xmin>=r[j].xmin&&r[i].xmax<=r[j].xmax&&r[i].ymin>=r[j].ymin&&r[i].ymax<=r[j].ymax)
				{
					c++;
					break;
				}
		printf("%d\n",c);
	}
	return 0;
}]]></solution>
			<solution language="C++"><![CDATA[#include<stdio.h>

struct R
{
	double xmin,xmax,ymin,ymax;
}r[10000];

int main()
{
	int n,i,j,c;
	while(scanf("%d",&n)!=EOF)
	{
		for(i=0;i<n;i++)
			scanf("%lf%lf%lf%lf",&r[i].xmin,&r[i].xmax,&r[i].ymin,&r[i].ymax);
		for(c=i=0;i<n;i++)
			for(j=0;j<n;j++)
				if(i!=j&&r[i].xmin>=r[j].xmin&&r[i].xmax<=r[j].xmax&&r[i].ymin>=r[j].ymin&&r[i].ymax<=r[j].ymax)
				{
					c++;
					break;
				}
		printf("%d\n",c);
	}
	return 0;
}]]></solution>
			<solution language="Java"><![CDATA[

import java.util.Scanner;

public class Main{
	public static void main(String[] args){
		Scanner in=new Scanner(System.in);
		while(in.hasNext()){
			int n=in.nextInt();double[][] a=new double[n][4];
			for(int u=0;u<n;u++){
				for(int w=0;w<4;w++){
					a[u][w]=in.nextDouble();
				}
			}int c=0;
			  for(int i=0;i<n;i++){
                  for(int j=0;j<n;j++){
                          if(i!=j&&a[i][0]>=a[j][0]&&a[i][1]<=a[j][1]&&a[i][2]>=a[j][2]&&a[i][3]<=a[j][3])
                          {
                                  c++;
                                  break;
                          }
		}
	}System.out.println(c);}}
}
]]></solution>
	</item>
</fps>
