<?xml version="1.0" encoding="UTF-8"?>   
<fps version="1.2" url="https://github.com/zhblue/freeproblemset/">
	<generator name="HUSTOJ" url="https://github.com/zhblue/hustoj/"/>
	<item>
<title><![CDATA[3.1.1 Agri-Net最短网络]]></title>
<time_limit unit="s"><![CDATA[1]]></time_limit>
<memory_limit unit="mb"><![CDATA[128]]></memory_limit>

<description><![CDATA[<p style="text-align:center;font-family:sans-serif;font-size:13px;background-color:#FFFFFF;">
	<strong><span style="font-size:16px;">3.1.1 Agri-Net最短网络</span></strong><strong><span style="font-size:16px;"></span></strong> 
</p>
<p style="text-align:center;font-family:sans-serif;font-size:13px;background-color:#FFFFFF;">
	<strong><span style="font-size:16px;">(</span></strong><span style="font-family:sans-serif;font-size:16px;line-height:19.5px;background-color:#FFFFFF;"><strong>agrinet.pas/c/cpp</strong></span><strong><span style="font-size:16px;">)</span></strong> 
</p>
<p style="font-family:sans-serif;font-size:13px;background-color:#FFFFFF;">
	<span style="font-size:16px;">农民约翰被选为他们镇的镇长！他其中一个竞选承诺就是在镇上建立起互联网，并连接到所有的农场。当然，他需要你的帮助。 约翰已经给他的农场安排了一条高速的网络线路，他想把这条线路共享给其他农场。为了使花费最少，他想铺设最短的光纤去连接所有的农场。 你将得到一份各农场之间连接费用的列表，你必须找出能连接所有农场并所用光纤最短的方案。 每两个农场间的距离不会超过100000</span> 
</p>
<h2 style="background-color:#FFFFFF;font-weight:normal;font-size:19px;font-family:sans-serif;">
	<span class="mw-headline" id=".E6.A0.BC.E5.BC.8F" style="font-size:16px;">格式</span> 
</h2>
<p style="font-family:sans-serif;font-size:13px;background-color:#FFFFFF;">
	<b><span style="font-size:16px;">PROGRAM NAME</span></b><span style="font-size:16px;">: agrinet</span> 
</p>
<p style="font-family:sans-serif;font-size:13px;background-color:#FFFFFF;">
	<b><span style="font-size:16px;">INPUT FORMAT</span></b><span style="font-size:16px;">:</span> 
</p>
<p style="font-family:sans-serif;font-size:13px;background-color:#FFFFFF;">
	<span style="font-size:16px;">(file agrinet.in)</span> 
</p>
<p style="font-family:sans-serif;font-size:13px;background-color:#FFFFFF;">
	<span style="font-size:16px;">第一行： 农场的个数，N（3&lt;=N&lt;=100）。</span> 
</p>
<p style="font-family:sans-serif;font-size:13px;background-color:#FFFFFF;">
	<span style="font-size:16px;">第二行..结尾: 接下来的行包含了一个N*N的矩阵,表示每个农场之间的距离。理论上，他们是N行，每行由N个用空格分隔的数组成，实际上，他们每行限制在80个字符以内，因此，某些行会紧接着另一些行。当然，对角线将会是0，因为线路从第i个农场到它本身的距离在本题中没有意义。</span> 
</p>
<p style="font-family:sans-serif;font-size:13px;background-color:#FFFFFF;">
	<b><span style="font-size:16px;">OUTPUT FORMAT</span></b><span style="font-size:16px;">:</span> 
</p>
<p style="font-family:sans-serif;font-size:13px;background-color:#FFFFFF;">
	<span style="font-size:16px;">(file agrinet.out)</span> 
</p>
<p style="font-family:sans-serif;font-size:13px;background-color:#FFFFFF;">
	<span style="font-size:16px;">只有一个输出，是连接到每个农场的光纤的最小长度和。</span> 
</p>
<h2 style="background-color:#FFFFFF;font-weight:normal;font-size:19px;font-family:sans-serif;">
	<span class="mw-headline" id="SAMPLE_INPUT" style="font-size:16px;">SAMPLE INPUT</span> 
</h2>
<pre>4
0  4  9 21
4  0  8 17
9  8  0 16
21 17 16  0
</pre>
<h2 style="background-color:#FFFFFF;font-weight:normal;font-size:19px;font-family:sans-serif;">
	<span class="mw-headline" id="SAMPLE_OUTPUT" style="font-size:16px;">SAMPLE OUTPUT</span> 
</h2>
<pre>28</pre>]]></description>
<input><![CDATA[]]></input> 
<output><![CDATA[]]></output>
<sample_input><![CDATA[]]></sample_input>
<sample_output><![CDATA[]]></sample_output>
  