<?xml version="1.0" encoding="UTF-8"?>   
<fps version="1.2" url="https://github.com/zhblue/freeproblemset/">
	<generator name="HUSTOJ" url="https://github.com/zhblue/hustoj/"/>
	<item>
<title><![CDATA[Prime Number]]></title>
<time_limit unit="s"><![CDATA[1]]></time_limit>
<memory_limit unit="mb"><![CDATA[32]]></memory_limit>

<description><![CDATA[<p>
	<span style="color:#333333;font-family:'MicroSoft Yahei', Helvetica, Arial, Georgia, Simsun;font-size:14px;line-height:25px;">Output the k-th prime number.</span>
</p>]]></description>
<input><![CDATA[<p>
	<span style="color:#333333;font-family:'MicroSoft Yahei', Helvetica, Arial, Georgia, Simsun;font-size:14px;line-height:25px;">k≤10000</span>
</p>]]></input> 
<output><![CDATA[<p>
	<span style="color:#333333;font-family:'MicroSoft Yahei', Helvetica, Arial, Georgia, Simsun;font-size:14px;line-height:25px;">The k-th prime number.</span>
</p>]]></output>
<sample_input><![CDATA[10
50]]></sample_input>
<sample_output><![CDATA[29
229]]></sample_output>
  <test_input><![CDATA[1
2
3
4
5
10
50
100
500
1000
5867
3290
4155
8783
9100
5798
2453
3581
9667
1152
697
3748
5916
6110
3019
3450
2036
5951
3232
7628
3224
2656
5433
6
3454
3992
35
3781
7051
6291
5216
740
2463
5947
1883
2154
5189
6664
3031
7987
1437
7868
9418
9312
9476
7746
6656
1307
898
4386
1431
7230
1516
8702
3635
2700
1767
2390
2537
7042
7629
3135
2090
591
9585
2419
5824
1557
635
7100
7096
7052
4945
6705
3186
3376
7887
3766
2442
9985
4208
2578
3817
1124
8479
682
4146
3003
1535
8707
4027
230
107
7103
6993
3042
4377
8397
3275
1178
10000
]]></test_input>
<test_output><![CDATA[2
3
5
7
11
29
229
541
3571
7919
57917
30469
39499
90787
94349
57173
21863
33457
100931
9311
5237
35149
58427
60623
27689
32159
17737
58897
29837
77617
29741
23879
53267
13
32191
37693
149
35521
71233
62659
50929
5639
21991
58787
16193
18919
50591
66877
27773
81667
11981
80347
97987
96739
98713
78989
66791
10723
6983
41953
11939
73127
12697
89891
33941
24281
15131
21277
22709
71129
77621
28789
18233
4327
99901
21559
57457
13093
4703
71713
71693
71237
47977
67289
29327
31321
80611
35353
21767
104593
40039
23081
35933
9043
87317
5101
39373
27481
12899
89923
38153
1451
587
71761
70583
27851
41879
86353
30293
9511
104729
]]></test_output>
<hint><![CDATA[]]></hint>
<source><![CDATA[算法笔记 名校复试机考真题-上海交通大学]]></source>
		<solution language="C"><![CDATA[#include<stdio.h>
int main()
{
	int a[10100],i,j,flag,m,n,i1,i2;
	a[1]=2;a[2]=3;m=2;
	for(i=6;i<=105000;i+=6)
	{
		i1=i-1;
		i2=i+1;
		flag=1;
		for(j=1;a[j]*a[j]<=i1;j++)
			if(i1%a[j]==0)
			{
				flag=0;
				break;
			}
		if(flag)
			a[++m]=i1;
		flag=1;
		for(j=1;a[j]*a[j]<=i2;j++)
			if(i2%a[j]==0)
			{
				flag=0;
				break;
			}
		if(flag)
			a[++m]=i2;
	}
	while(scanf("%d",&n)!=EOF)
		printf("%d\n",a[n]);
	return 0;
}
]]></solution>
			<solution language="C++"><![CDATA[#include<stdio.h>
#include<string.h>

bool isprime[1000000];
int p[10000];

int main()
{
	int i,temp,j=0,k;
	memset(isprime,true,sizeof(isprime));
	isprime[0]=isprime[1]=false;
	for(i=2;i<1000000;i++)
	{
		if(isprime[i]==true)
		{
			p[j++]=i;
			if(j==10000)
				break;
			temp=2*i;
			while(temp<1000000)
			{
				isprime[temp]=false;
				temp+=i;
			}
		}
	}
	while(scanf("%d",&k)!=EOF)
		printf("%d\n",p[k-1]);
	return 0;
}]]></solution>
	</item>
</fps>
