<?xml version="1.0" encoding="UTF-8"?>   
<fps version="1.2" url="https://github.com/zhblue/freeproblemset/">
	<generator name="HUSTOJ" url="https://github.com/zhblue/hustoj/"/>
	<item>
<title><![CDATA[C语言6.11]]></title>
<time_limit unit="s"><![CDATA[1]]></time_limit>
<memory_limit unit="mb"><![CDATA[32]]></memory_limit>

<description><![CDATA[<p>
	输入一行字符，分别统计出其中英文字母、空格、数字和其他字符的个数。
</p>]]></description>
<input><![CDATA[<p>
	一行字符。
</p>]]></input> 
<output><![CDATA[<p>
	分别输出这行字符中的英文字母、空格、数字和其他字符的个数，用空格隔开。<br />
请注意行尾输出换行。
</p>]]></output>
<sample_input><![CDATA[What are you doing? 123456
]]></sample_input>
<sample_output><![CDATA[15 4 6 1
]]></sample_output>
  <test_input><![CDATA[This is 2398239   ! yes!!!!

]]></test_input>
<test_output><![CDATA[9 6 7 5
]]></test_output>
<hint><![CDATA[]]></hint>
<source><![CDATA[教学题-C语言]]></source>
		<solution language="C"><![CDATA[#include <stdio.h>
#include <stdlib.h>
#include <math.h>

int main()
{
    char c;
    int e;
    int b;
    int a;
    int d;
    e=0;
    b=0;
    a=0;
    d=0;
    while((c=getchar())!='\n')
     {
       if((c>='a'&&c<='z')||(c>='A'&&c<='Z'))
          e++;
           else if(c>='0'&&c<='9')
             b++;
              else if(c==' ')
                a++;
                else
                 d++;




    }
    printf("%d %d %d %d\n",e,a,b,d);
    return 0;
}

]]></solution>
			<solution language="C++"><![CDATA[#include <stdio.h>
#include <math.h>
int main() {
	char c;
	int letter, space, digit, other;
	letter = 0; space = 0; digit = 0; other = 0;
	while ((c = getchar()) != '\n') {
		if (('A' <= c && c <= 'Z') || ('a' <= c && c <= 'z'))
			letter++;
		else if (c == ' ')
			space++;
		else if ('0' <= c && c <= '9')
			digit++;
		else
			other++;
	}
	printf("%d %d %d %d\n", letter, space, digit, other);
	return 0;
}
]]></solution>
			<solution language="Pascal"><![CDATA[var 
  i,ia,ib,ic,id:longint;
  s:string;
  c:char;

begin
  readln(s);
  ia:=0; ib:=0; ic:=0; id:=0;
  for i:=1 to length(s) do begin
    c:=upcase(s[i]);
    if( c in ['A'..'Z'] ) then inc(ia)
      else if( c=' ' ) then inc(ib)
        else if( c in ['0'..'9'] ) then inc(ic)
          else inc(id);
  end;
  writeln(ia,' ',ib,' ',ic,' ',id);
end.


]]></solution>
			<solution language="Java"><![CDATA[import java.util.*;
public class Main {
    public static void main(String args[]) {
        Scanner cin = new Scanner(System.in);
        int a=0,b=0,c=0,d=0;
        String s = cin.nextLine();
        char[] ch= s.toCharArray();
        for(int i=0;i<ch.length;i++){
            if((ch[i]>='A'&&ch[i]<='Z')||(ch[i]>='a'&&ch[i]<='z'))
                a++;
            else if(ch[i]==' ')
                b++;
            else if(ch[i]>='0'&&ch[i]<='9')
                c++;
            else
                d++;
        }
        System.out.printf("%d %d %d %d\n", a,b,c,d);
    }
}]]></solution>
			<solution language="Python"><![CDATA[c1 = c2 = c3 = c4 = 0
for i in raw_input():
  if i.isalpha():
    c1 = c1 + 1
  elif i.isspace():
    c2 = c2 + 1
  elif i.isdigit():
    c3 = c3 + 1
  else:
    c4 = c4 + 1
print c1,c2,c3,c4]]></solution>
	</item>
</fps>
