<?xml version="1.0" encoding="UTF-8"?>   
<fps version="1.2" url="https://github.com/zhblue/freeproblemset/">
	<generator name="HUSTOJ" url="https://github.com/zhblue/hustoj/"/>
	<item>
<title><![CDATA[字符串去特定字符]]></title>
<time_limit unit="s"><![CDATA[1]]></time_limit>
<memory_limit unit="mb"><![CDATA[32]]></memory_limit>

<description><![CDATA[<p>
	<span style="color:#333333;font-family:'MicroSoft Yahei', Helvetica, Arial, Georgia, Simsun;font-size:14px;line-height:25px;">输入字符串s和字符c，要求去掉s中所有的c字符，并输出结果。</span>
</p>]]></description>
<input><![CDATA[<p>
	<span style="color:#333333;font-family:'MicroSoft Yahei', Helvetica, Arial, Georgia, Simsun;font-size:14px;line-height:25px;">测试数据有多组，每组输入字符串s和字符c。</span>
</p>]]></input> 
<output><![CDATA[<p>
	<span style="color:#333333;font-family:'MicroSoft Yahei', Helvetica, Arial, Georgia, Simsun;font-size:14px;line-height:25px;">对于每组输入,输出去除c字符后的结果。</span>
</p>]]></output>
<sample_input><![CDATA[goaod
a]]></sample_input>
<sample_output><![CDATA[good]]></sample_output>
  <test_input><![CDATA[goaod
a
well
l
i love you
o
good morming
 
sunny
m
   
 
asdfgh
 
985 211
1
!@#$%^&*()
@
aaaaaaaaaaaaaaaaaaaaaaaaaaaaaaaaaaaaaaa
a]]></test_input>
<test_output><![CDATA[good
we
i lve yu
goodmorming
sunny

asdfgh
985 2
!#$%^&*()
]]></test_output>
<hint><![CDATA[]]></hint>
<source><![CDATA[算法笔记 名校复试机考真题-哈尔滨工业大学]]></source>
		<solution language="C"><![CDATA[#include<stdio.h>
#include<stdlib.h>
#include<string.h>
int main()
{
    int i,len;
    char c;
    char array[1000];
    while(gets(array))
    {
        scanf("%c",&c);
        len = strlen(array);
        for(i = 0;i < len;i++)
        {
            if(array[i] == c)
            continue;
            else
            printf("%c",array[i]);
        }
        printf("\n");
        getchar();
    }
    return 0;
}
]]></solution>
			<solution language="C++"><![CDATA[#include<stdio.h>

int main()
{
	char s[1000],c[2];
	int i;
	while(gets(s))
	{
		gets(c);
		for(i=0;s[i];i++)
			if(s[i]!=c[0])
				printf("%c",s[i]);
		puts("");
	}
	return 0;
}]]></solution>
			<solution language="Pascal"><![CDATA[var
 st,s:string;
 ch:char;
 i,n,len:longint;
begin
 while not  eof do
 begin
 len:=0;
 s:='';
 readln(st);
 readln(ch);
 len:=length(st);
 for i:=1 to len do
  begin
   if st[i] <> ch then s:=s+st[i];
  end;
 writeln(s);
 end;
end.]]></solution>
			<solution language="Java"><![CDATA[import java.util.*;

public class Main{
  final static Scanner jin=new Scanner(System.in);
  public static void main(String args[]){
    while(jin.hasNextLine()){
      char str[]=jin.nextLine().toCharArray();
      char c=jin.nextLine().toCharArray()[0];
      for(int i=0;i<str.length;i++)
    	  if(str[i]!=c)
    		  System.out.print(str[i]);
      System.out.println();
    }
  }
}]]></solution>
			<solution language="Python"><![CDATA[# coding=utf-8
while True:
    try:
        print(input().replace(input(),""))
    except:
        break]]></solution>
	</item>
</fps>
