<?xml version="1.0" encoding="UTF-8"?>   
<fps version="1.2" url="https://github.com/zhblue/freeproblemset/">
	<generator name="HUSTOJ" url="https://github.com/zhblue/hustoj/"/>
	<item>
<title><![CDATA[《C语言程序设计》江宝钏主编-习题8-4-复制字串]]></title>
<time_limit unit="s"><![CDATA[1]]></time_limit>
<memory_limit unit="mb"><![CDATA[128]]></memory_limit>

<description><![CDATA[<p>将字符串a的内容复制到字串b中，用指针实现。</p>
<p>注意：此题用C语言完成时，<strong>必须使用指针方法处理，</strong>只提交头文件和</p>
<p>cat(char *a,char *b)</p>
<p>函数，系统将自动附加下面的main函数后运行，请复制下面的main函数用于调试cat函数。</p>
<p>其他语言的答案无此要求。</p>
<div class="line number29 index28 alt2"><code class="c color1 bold"><font face="NSimsun">
<div class="line number11 index10 alt2"><code class="c color1 bold"><font face="NSimsun">int</font></code> <code class="c plain"><font face="NSimsun">main(){ </font></code></div>
<div class="line number12 index11 alt1"><font face="NSimsun"><code class="c spaces">&nbsp;&nbsp;&nbsp;</code><code class="c color1 bold">char</code></font> <code class="c plain"><font face="NSimsun">a[100],b[100]; </font></code></div>
<div class="line number13 index12 alt2"><font face="NSimsun"><code class="c spaces">&nbsp;&nbsp;&nbsp;</code><code class="c functions bold">scanf</code><code class="c plain">(</code><code class="c string">&quot;%s%s&quot;</code><code class="c plain">,a,b); </code></font></div>
<div class="line number14 index13 alt1"><font face="NSimsun"><code class="c spaces">&nbsp;&nbsp;&nbsp;</code><code class="c plain">cat(a,b); </code></font></div>
<div class="line number15 index14 alt2"><font face="NSimsun"><code class="c spaces">&nbsp;&nbsp;&nbsp;</code><code class="c functions bold">printf</code><code class="c plain">(</code><code class="c string">&quot;%s&quot;</code><code class="c plain">,b); </code></font></div>
<div class="line number16 index15 alt1"><code class="c plain"><font face="NSimsun">} </font></code></div>
</font></code></div>]]></description>
<input><![CDATA[<p>两行字符串，分别对应a和b</p>]]></input> 
<output><![CDATA[<p>将a附加到b后，然后输出b</p>]]></output>
<sample_input><![CDATA[forever
duke]]></sample_input>
<sample_output><![CDATA[dukeforever]]></sample_output>
  <test_input><![CDATA[1234567890
abcdefghij]]></test_input>
<test_output><![CDATA[abcdefghij1234567890
]]></test_output>
<hint><![CDATA[]]></hint>
<source><![CDATA[]]></source>
		<solution language="C"><![CDATA[#include <stdio.h>
cat(char *a,char *b);
int main(void)
{
	char a[100],b[100];
	scanf("%s%s",a,b);
	cat(a,b);
	printf("%s",b);
	return 0;
}
cat(char *a,char *b)
{
	int i,j;
	for (i=0;i<100;i++)
	{
		if (*(b+i)=='\0')
		{
			for(j=0;j<100;j++)
			{
				*(b+i+j)=*(a+j);
				if (*(a+j)=='\0')
				break;
			}
			break;
		}
	}
}]]></solution>
			<solution language="C++"><![CDATA[#include<iostream>
using namespace std;
int main()
{
char a[100],b[100];
cin>>a>>b;
cout<<b<<a<<endl;
}]]></solution>
	</item>
</fps>
