<?xml version="1.0" encoding="UTF-8"?>   
<fps version="1.2" url="https://github.com/zhblue/freeproblemset/">
	<generator name="HUSTOJ" url="https://github.com/zhblue/hustoj/"/>
	<item>
<title><![CDATA[棋盘游戏]]></title>
<time_limit unit="s"><![CDATA[1]]></time_limit>
<memory_limit unit="mb"><![CDATA[32]]></memory_limit>

<description><![CDATA[小明和小红在玩一种棋盘游戏，棋盘的尺寸为n个方格*m个方格。一开始在棋盘的右上角（1，m）放一枚硬币，每次一个人可以将硬币向左、下或左下的方格移动。<br />
当某个人无法再移动硬币了，那么这个人就输了。游戏总是小明先开始，如果他们两个每步都是最优策略，则谁将赢得游戏？]]></description>
<input><![CDATA[输入包含多组测试数据。每组输入两个整数n和m（0&lt;n,m&lt;=2000）。<br />
当n=m=0时，输入结束。<br />]]></input> 
<output><![CDATA[对于每组输入，如果小明赢，输出“Wonderful!”，否则输出“What a pity!”。]]></output>
<sample_input><![CDATA[5 3
5 4
6 6
0 0]]></sample_input>
<sample_output><![CDATA[What a pity!
Wonderful!
Wonderful!]]></sample_output>
  <test_input><![CDATA[1 1
960 229
1599 1988
1614 1652
1545 1963
685 909
187 1000
779 1690
1373 473
1933 540
604 809
421 296
989 746
1994 1004
661 654
573 616
445 1895
1203 1539
420 1474
512 1544
642 960
705 1668
1193 1195
888 67
1054 241
1201 467
486 868
1334 448
1156 988
1659 1664
1432 890
283 761
851 1903
1259 95
930 1072
518 9
1079 274
525 507
1760 1808
676 599
1931 1677
715 180
161 322
1977 1400
199 1781
397 186
134 1282
1678 1142
1927 999
259 689
711 1981
486 179
645 1220
889 1886
187 383
1196 1820
1356 1408
1766 12
832 505
1292 14
468 1515
1227 201
1814 1138
1024 147
1459 1265
1397 189
585 1668
695 1148
1497 14
1092 858
13 741
1182 962
1797 1720
691 1374
1193 1773
401 1617
1926 1227
1721 428
1537 17
1120 1846
182 911
1554 1619
625 1106
1970 410
19 484
305 523
474 1545
730 839
1291 386
1517 427
751 1354
1988 658
603 755
167 1225
1083 787
617 358
631 604
75 868
367 1362
1907 527
1243 974
0 0
]]></test_input>
<test_output><![CDATA[What a pity!
Wonderful!
Wonderful!
Wonderful!
What a pity!
What a pity!
Wonderful!
Wonderful!
What a pity!
Wonderful!
Wonderful!
Wonderful!
Wonderful!
Wonderful!
Wonderful!
Wonderful!
What a pity!
What a pity!
Wonderful!
Wonderful!
Wonderful!
Wonderful!
What a pity!
Wonderful!
Wonderful!
What a pity!
Wonderful!
Wonderful!
Wonderful!
Wonderful!
Wonderful!
What a pity!
What a pity!
What a pity!
Wonderful!
Wonderful!
Wonderful!
What a pity!
Wonderful!
Wonderful!
What a pity!
Wonderful!
Wonderful!
Wonderful!
What a pity!
Wonderful!
Wonderful!
Wonderful!
What a pity!
What a pity!
What a pity!
Wonderful!
Wonderful!
Wonderful!
What a pity!
Wonderful!
Wonderful!
Wonderful!
Wonderful!
Wonderful!
Wonderful!
What a pity!
Wonderful!
Wonderful!
What a pity!
What a pity!
Wonderful!
Wonderful!
Wonderful!
Wonderful!
What a pity!
Wonderful!
Wonderful!
Wonderful!
What a pity!
What a pity!
Wonderful!
Wonderful!
What a pity!
Wonderful!
Wonderful!
Wonderful!
Wonderful!
Wonderful!
Wonderful!
What a pity!
Wonderful!
Wonderful!
Wonderful!
What a pity!
Wonderful!
Wonderful!
What a pity!
What a pity!
What a pity!
Wonderful!
Wonderful!
Wonderful!
Wonderful!
What a pity!
Wonderful!
]]></test_output>
<hint><![CDATA[]]></hint>
<source><![CDATA[入门题-博弈 洛谷]]></source>
		<solution language="C"><![CDATA[#include<stdio.h>

int main()
{
	int n,m;
	while(scanf("%d%d",&n,&m)!=EOF,n||m)
	{
		n%=2;
		m%=2;
		if(n&&m)
			printf("What a pity!\n");
		else
			printf("Wonderful!\n");
	}
	return 0;
}]]></solution>
			<solution language="C++"><![CDATA[#include<stdio.h>

int main()
{
	int n,m;
	while(scanf("%d%d",&n,&m)!=EOF,n||m)
	{
		n%=2;
		m%=2;
		if(n&&m)
			printf("What a pity!\n");
		else
			printf("Wonderful!\n");
	}
	return 0;
}]]></solution>
			<solution language="Java"><![CDATA[import java.util.*;

public class Main{	
	static void chessboard(int n,int m){
		n %= 2;
	    m %= 2;
	    if(m == 1 && n == 1)
	    	System.out.println("What a pity!");      
	    else
	    	System.out.println("Wonderful!");
	}
	public static void main(String args[]) {
		Scanner sc = new Scanner(System.in);
		int n = sc.nextInt();
		int m = sc.nextInt();
		while(n != 0 && m != 0) {
			chessboard(n, m);
			n = sc.nextInt();
			m = sc.nextInt();
		}			
				
	}
	
}]]></solution>
	</item>
</fps>
