<?xml version="1.0" encoding="UTF-8"?>   
<fps version="1.2" url="https://github.com/zhblue/freeproblemset/">
	<generator name="HUSTOJ" url="https://github.com/zhblue/hustoj/"/>
	<item>
<title><![CDATA[查找1]]></title>
<time_limit unit="s"><![CDATA[1]]></time_limit>
<memory_limit unit="mb"><![CDATA[32]]></memory_limit>

<description><![CDATA[<p>
	<span style="color:#333333;font-family:'MicroSoft Yahei', Helvetica, Arial, Georgia, Simsun;font-size:14px;line-height:25px;">输入数组长度 n&nbsp;</span><br />
<span style="color:#333333;font-family:'MicroSoft Yahei', Helvetica, Arial, Georgia, Simsun;font-size:14px;line-height:25px;">输入数组&nbsp;&nbsp;&nbsp;&nbsp;&nbsp; a[1...n]&nbsp;</span><br />
<span style="color:#333333;font-family:'MicroSoft Yahei', Helvetica, Arial, Georgia, Simsun;font-size:14px;line-height:25px;">输入查找个数m&nbsp;</span><br />
<span style="color:#333333;font-family:'MicroSoft Yahei', Helvetica, Arial, Georgia, Simsun;font-size:14px;line-height:25px;">输入查找数字b[1...m]&nbsp;</span><br />
<span style="color:#333333;font-family:'MicroSoft Yahei', Helvetica, Arial, Georgia, Simsun;font-size:14px;line-height:25px;">输出 YES or NO&nbsp; 查找有则YES 否则NO 。</span> 
</p>]]></description>
<input><![CDATA[<p>
	<span style="color:#333333;font-family:'MicroSoft Yahei', Helvetica, Arial, Georgia, Simsun;font-size:14px;line-height:25px;">输入有多组数据。</span><br />
<span style="color:#333333;font-family:'MicroSoft Yahei', Helvetica, Arial, Georgia, Simsun;font-size:14px;line-height:25px;">每组输入n，然后输入n个整数，再输入m，然后再输入m个整数（1&lt;=m&lt;=n&lt;=100）。</span> 
</p>]]></input> 
<output><![CDATA[<p>
	<span style="color:#333333;font-family:'MicroSoft Yahei', Helvetica, Arial, Georgia, Simsun;font-size:14px;line-height:25px;">如果在n个数组中输出YES否则输出NO。</span> 
</p>]]></output>
<sample_input><![CDATA[6
3 2 5 4 7 8
2
3 6]]></sample_input>
<sample_output><![CDATA[YES
NO]]></sample_output>
  <test_input><![CDATA[6
3 2 5 4 7 8
2
3 6
5
1 5 2 4 3
3
2 5 6
10
213 456 34 5 6787 32 4 5 8 799
5
213 5 8 32 2
8
123456 7654 35665 658768 13245 98787 1111111111 456
12
11111111 4567 123 234 7654 35665 987 8765 1234567890 5 78 99
100
59 51 80 5 65 5 96 74 42 89 8 95 19 44 94 95 90 97 94 49 60 36 90 63 89 80 84 23 82 40 64 72 17 28 46 68 35 35 37 43 73 41 75 39 6 100 10 87 69 41 43 78 77 92 33 90 59 6 70 40 40 23 72 3 5 11 89 4 54 95 75 39 40 21 14 89 63 52 84 26 10 100 75 29 73 82 29 8 84 6 71 57 34 60 31 2 39 24 69 65
100
144 70 114 147 148 104 133 60 140 69 126 34 96 99 62 62 2 136 56 60 133 76 83 86 140 90 143 93 95 82 31 89 28 19 74 8 44 105 10 144 86 68 69 90 122 66 119 67 97 22 146 15 119 57 40 26 83 49 34 49 116 68 14 53 118 19 3 69 95 105 12 94 23 123 46 41 14 113 141 7 136 86 142 142 58 130 14 101 130 129 89 60 148 98 92 116 124 64 101 62
]]></test_input>
<test_output><![CDATA[YES
NO
YES
YES
NO
YES
YES
YES
YES
NO
NO
NO
NO
NO
YES
YES
NO
NO
NO
NO
NO
NO
NO
YES
NO
NO
NO
NO
NO
YES
NO
YES
NO
YES
YES
NO
NO
NO
YES
NO
NO
YES
NO
NO
NO
NO
NO
YES
NO
NO
YES
YES
YES
YES
YES
YES
YES
YES
YES
NO
YES
NO
NO
YES
YES
YES
NO
NO
NO
NO
YES
NO
NO
NO
NO
YES
YES
YES
NO
YES
YES
YES
NO
YES
YES
NO
NO
YES
YES
YES
YES
NO
NO
YES
YES
NO
YES
YES
YES
NO
NO
NO
NO
NO
NO
NO
NO
NO
YES
NO
NO
NO
YES
YES
NO
NO
YES
NO
NO
YES
NO
NO
]]></test_output>
<hint><![CDATA[]]></hint>
<source><![CDATA[算法笔记 名校复试机考真题-北京邮电大学]]></source>
		<solution language="C"><![CDATA[#include <stdio.h>
#define MaxSize 1000
typedef  struct
{
    int data[MaxSize];
    int length;
}Sqlist;

int main()
{
    Sqlist la, lb;
    while(scanf("%d",&la.length)!=EOF)
    {
        int  i, j;
        for(i = 0; i < la.length; ++i)
           scanf("%d", &la.data[i]);
        scanf("%d",&lb.length);
        for(i = 0; i < lb.length; ++i)
           scanf("%d", &lb.data[i]);
        for(i = 0; i < lb.length ; ++i)
        {
           for(j = 0; j < la.length; j++)
             {
                if(lb.data[i] != la.data[j])
                       continue;
                else
                   {
                       printf("YES\n");
                       break;
                   }
             }
            if(j == la.length)
                 printf("NO\n");
       }
    }
    return 0;
}
]]></solution>
			<solution language="C++"><![CDATA[#include<stdio.h>
#include<string.h>

int main()
{
	int n,m,x,i,a[100];
	while(scanf("%d",&n)!=EOF)
	{
		for(i=0;i<n;i++)
			scanf("%d",&a[i]);
		scanf("%d",&m);
		while(m--)
		{
			scanf("%d",&x);
			for(i=0;i<n;i++)
				if(a[i]==x)
				{
					puts("YES");
					break;
				}
			if(i==n)
				puts("NO");
		}
	}
	return 0;
}]]></solution>
			<solution language="Python"><![CDATA[# coding=utf-8
while True:
    n = int(input())
    a = list(map(int,input().split()))
    m = int(input())
    blist = map(int,input().split())
    for b in blist:
        if(b in a):
            print("YES")
        else:
            print("NO")
]]></solution>
	</item>
</fps>
