<?xml version="1.0" encoding="UTF-8"?>   
<fps version="1.2" url="https://github.com/zhblue/freeproblemset/">
	<generator name="HUSTOJ" url="https://github.com/zhblue/hustoj/"/>
	<item>
<title><![CDATA[C语言5.2]]></title>
<time_limit unit="s"><![CDATA[1]]></time_limit>
<memory_limit unit="mb"><![CDATA[32]]></memory_limit>

<description><![CDATA[<p>
	读入3个实数，按照代数值由小到大的顺序输出这3个数。
</p>]]></description>
<input><![CDATA[<p>
	3个用空格隔开的实数。
</p>]]></input> 
<output><![CDATA[<p>
	按由小到大的顺序输出这3个实数，用空格隔开，并保留两位小数。<br />
请注意行尾输出换行。
</p>]]></output>
<sample_input><![CDATA[12.51 8.26 11.39]]></sample_input>
<sample_output><![CDATA[8.26 11.39 12.51
]]></sample_output>
  <test_input><![CDATA[256.23 239.49 123.44
]]></test_input>
<test_output><![CDATA[123.44 239.49 256.23
]]></test_output>
<hint><![CDATA[]]></hint>
<source><![CDATA[教学题-C语言]]></source>
		<solution language="C"><![CDATA[#include<stdio.h>
int main(){
int i,j;
	double a[3],temp;
	scanf("%lf %lf %lf",&a[0],&a[1],&a[2]);
	for (i=0;i<2;i++)
		  for (j=i+1;j<3;j++)
			if (a[i]>a[j])
			{
				temp=a[i];
				a[i]=a[j];
				a[j]=temp;
			}
for (i=0;i<2;i++)
  printf("%.2lf ",a[i]);
printf("%.2lf",a[i]);
printf("\n");
return 0;
}]]></solution>
			<solution language="C++"><![CDATA[#include <stdio.h>
int main() {
	float a, b, c, t;
	scanf("%f %f %f", &a, &b, &c);
	if (a > b) {
		t = a; a = b; b = t;
	}
	if (a > c) {
		t = a; a = c; c = t;
	}
	if (b > c) {
		t = b; b = c; c = t;
	}
	printf("%.2f %.2f %.2f\n", a, b, c);
	return 0;
}
]]></solution>
			<solution language="Pascal"><![CDATA[var
  a:array[1..3] of real;
  i,j:longint;
  t:real;
begin
  for i:=1 to 3 do read(a[i]);
  readln;
  for i:=1 to 2 do
    for j:=i+1 to 3 do
    if a[i]>a[j] then begin t:=a[i]; a[i]:=a[j]; a[j]:=t; end;
  for i:=1 to 2 do write(a[i]:0:2,' ');
  writeln(a[3]:0:2);
end.
]]></solution>
			<solution language="Java"><![CDATA[import java.util.ArrayList;
import java.util.Collections;
import java.util.Scanner;
public class Main {
	public static void main(String args[]) {
		Scanner cin=new Scanner(System.in);
		ArrayList<Double> arr=new ArrayList<Double>();
		arr.add(cin.nextDouble());
		arr.add(cin.nextDouble());
		arr.add(cin.nextDouble());
		Collections.sort(arr);
		System.out.printf("%.2f %.2f %.2f\n", arr.get(0),arr.get(1),arr.get(2));
	}
}]]></solution>
			<solution language="Python"><![CDATA[print ' '.join("%.2f" %x for x in sorted(float(x) for x in raw_input().split()))]]></solution>
	</item>
</fps>
