<?xml version="1.0" encoding="UTF-8"?>   
<fps version="1.2" url="https://github.com/zhblue/freeproblemset/">
	<generator name="HUSTOJ" url="https://github.com/zhblue/hustoj/"/>
	<item>
<title><![CDATA[找出直系亲属]]></title>
<time_limit unit="s"><![CDATA[1]]></time_limit>
<memory_limit unit="mb"><![CDATA[32]]></memory_limit>

<description><![CDATA[<p>
	<span style="color:#333333;font-family:'MicroSoft Yahei', Helvetica, Arial, Georgia, Simsun;font-size:14px;line-height:25px;">&nbsp;如果A，B是C的父母亲，则A，B是C的parent，C是A，B的child，如果A，B是C的（外）祖父，祖母，则A，B是C的grandparent，C是A，B的grandchild，如果A，B是C的（外）曾祖父，曾祖母，则A，B是C的great-grandparent，C是A，B的great-grandchild，之后再多一辈，则在关系上加一个great-。</span>
</p>]]></description>
<input><![CDATA[<p>
	<span style="color:#333333;font-family:'MicroSoft Yahei', Helvetica, Arial, Georgia, Simsun;font-size:14px;line-height:25px;">输入包含多组测试用例,每组用例首先包含2个整数n（0&lt;=n&lt;=26）和m（0&lt;m&lt;50）, 分别表示有n个亲属关系和m个问题, 然后接下来是n行的形式如ABC的字符串，表示A的父母亲分别是B和C，如果A的父母亲信息不全，则用-代替，例如A-C,再然后是m行形式如FA的字符串,表示询问F和A的关系。</span><br />
<span style="color:#333333;font-family:'MicroSoft Yahei', Helvetica, Arial, Georgia, Simsun;font-size:14px;line-height:25px;">当n和m为0时结束输入。</span>
</p>]]></input> 
<output><![CDATA[<p>
	<span style="color:#333333;font-family:'MicroSoft Yahei', Helvetica, Arial, Georgia, Simsun;font-size:14px;line-height:25px;">如果询问的2个人是直系亲属，请按题目描述输出2者的关系，如果没有直系关系，请输出-。</span><br />
<span style="color:#333333;font-family:'MicroSoft Yahei', Helvetica, Arial, Georgia, Simsun;font-size:14px;line-height:25px;">具体含义和输出格式参见样例.</span>
</p>]]></output>
<sample_input><![CDATA[3 2
ABC
EFG
CDE
EB
AF
0 0]]></sample_input>
<sample_output><![CDATA[-
great-grandchild
]]></sample_output>
  <test_input><![CDATA[16 19
QMR
U-O
AUV
N-V
X-O
REX
SKN
GFM
KPP
QPC
XET
NLK
ZLS
RFV
PBI
POZ
PR
RN
YV
TS
WM
YC
YS
CY
PQ
VE
KI
FE
MF
NZ
MI
KK
SA
WV
RS
5 19
ZGS
CZV
XHT
SYF
SOJ
OP
EO
XF
BZ
OC
JE
VU
VP
BA
YO
PG
EO
LY
PF
NB
LP
VJ
VR
PI
25 1
MKK
HUE
NCD
QDN
UPP
LSS
VIW
WEZ
WPM
SVC
BLO
OMI
FTE
VI-
XNC
NVW
JAH
FUN
JGI
KUR
N-D
XNH
ZT-
NAA
QKA
EK
20 1
YJZ
KSC
USP
QFG
DTM
UDC
OHA
ADN
VKQ
MNW
AZP
VAE
BHQ
ASR
ZQR
NXP
KBS
PKB
TEU
J-R
ID
26 13
OF-
CBV
WRA
IBL
VLM
VNJ
RON
LEG
LQO
BC-
BHS
RBX
LAM
PBI
HOO
GFA
EGR
DTK
TWE
BAF
EC-
N-Z
CWS
PVK
HKN
JSS
GG
KE
DJ
ZQ
EJ
PN
VE
GQ
IX
PE
SJ
DR
JZ
1 4
UNN
CL
HH
FB
MQ
11 13
MEH
ONG
WLF
DAY
NFG
KCH
STZ
EWG
QLK
YZX
EKQ
MH
RS
CQ
ZO
JI
PI
IF
NO
EE
DD
SP
RZ
AN
22 2
MKL
ANR
DRE
SOY
M-D
N-L
PQ-
AEH
ATO
XQR
EWV
HZY
G-H
UJA
DBT
PCM
QBA
JQD
AYG
ZEE
OFB
JRC
YD
CD
16 7
JVB
HAI
HNW
W-S
UJF
QXD
NPP
FA-
QLW
QPF
ZLR
XGC
GBD
IKT
DNW
ZSM
KR
UR
VS
JO
RB
MZ
ZW
16 19
WQT
IRQ
FHY
AWJ
IAH
NDU
UWJ
PGZ
JWD
MIC
XUR
SB-
HDA
QFV
UZP
TBF
TO
JC
NT
XZ
GU
SL
SD
ZM
NC
CO
VK
AF
FJ
MR
OX
HT
WO
BK
ZJ
0 0
]]></test_input>
<test_output><![CDATA[-
-
-
-
-
-
-
-
parent
-
-
-
-
grandparent
-
-
-
-
-
-
-
-
-
great-grandparent
-
-
-
-
-
-
-
-
-
-
-
-
-
-
-
-
-
-
-
-
-
great-grandchild
-
-
-
-
parent
great-grandchild
-
-
-
-
-
great-grandchild
-
-
-
-
-
-
parent
-
-
-
-
-
-
-
-
-
-
-
-
parent
-
-
-
-
grandchild
grandparent
-
-
-
-
-
-
-
great-grandparent
-
-
-
-
-
-
]]></test_output>
<hint><![CDATA[<p>注意great-可能会有多个。</p>
<p></p>]]></hint>
<source><![CDATA[名校复试机考真题-浙江大学]]></source>
		<solution language="C"><![CDATA[#include <stdio.h>
int main()
{
  while(1)
  {
    int n,m;
    scanf("%d%d",&n,&m);
    if(n==0&&m==0)
    {
      break;
    }
    int notes[26];
    for(int i=0;i<26;i++)
    {
      notes[i]=-1;
    }
    for(int i=0;i<n;i++)
    {
      char ch[4];
      scanf("%s",ch);
      if(ch[1]!='-')
      {
        notes[ch[1]-'A']=ch[0]-'A';
      }
      if(ch[2]!='-')
      {
        notes[ch[2]-'A']=ch[0]-'A';
      }
    }
    for(int i=0;i<m;i++)
    {
      char ch[4];
      scanf("%s",ch);
      int count=-1;
      int j=ch[0]-'A';
      while(notes[j]!=-1&&notes[j]!=ch[1]-'A')
      {
        count++;
        j=notes[j];
      }
      if(notes[j]!=-1)
      {
        for(int k=0;k<count;k++)
        {
          printf("great-");
        }
        if(count!=-1)
        {
          printf("grandparent\n");
        }
        else
        {
          printf("parent\n");
        }
        continue;
      }
      count=-1;
      j=ch[1]-'A';
      while(notes[j]!=-1&&notes[j]!=ch[0]-'A')
      {
        count++;
        j=notes[j];
      }
      if(notes[j]!=-1)
      {
        for(int k=0;k<count;k++)
        {
          printf("great-");
        }
        if(count!=-1)
        {
          printf("grandchild\n");
        }
        else
        {
          printf("child\n");
        }
        continue;
      }
      printf("-\n");
    }
  }
}]]></solution>
			<solution language="C++"><![CDATA[#include <cstdio>
#include <cmath>
#include <map>
#include <algorithm>
using namespace std;

map < char, char > child;

int cal(char a, char b) {
    int ret = 0;
    while (a != child[a]) {
        if (a == b)
            return ret;
        a = child[a];
        ++ret;
    }
    return 0;
}

int main() {
    //freopen("data.in", "r", stdin);
    //freopen("data.out", "w", stdout);
    int n, m;
    while (EOF != scanf("%d %d", &n, &m)) {
        if (0 == n && 0 == m)
            break;
        child.clear();
        char s[10];
        while (n--) {
            scanf("%s", s);
            for (int i = 1; i < 3; ++i)
                if ('-' != s[i])
                    child[ s[i] ] = s[0];
        }
        while (m--) {
            scanf("%s", s);
            int dis = cal(s[0], s[1]) - cal(s[1], s[0]);
            if (0 == dis)
                puts("-");
            else {
                for (int i = abs(dis); i > 2; --i)
                    printf("great-");
                if (abs(dis) >= 2)
                    printf("grand");
                puts( dis > 0 ? "parent" : "child" );
            }
        }
    }
    return 0;
}
]]></solution>
	</item>
</fps>
