<?xml version="1.0" encoding="UTF-8"?>   
<fps version="1.2" url="https://github.com/zhblue/freeproblemset/">
	<generator name="HUSTOJ" url="https://github.com/zhblue/hustoj/"/>
	<item>
<title><![CDATA[反序字符串]]></title>
<time_limit unit="s"><![CDATA[1]]></time_limit>
<memory_limit unit="mb"><![CDATA[32]]></memory_limit>

<description><![CDATA[<p>
	输入任意4 个字符，并按反序输出。
</p>]]></description>
<input><![CDATA[<p>
	<span style="font-family:SimSun-Identity-H;font-size:10.5pt;">输入第一行表示测试样例个数m，接下来m行每行一个字符串。</span>
</p>]]></input> 
<output><![CDATA[<p>
	<span style="font-family:SimSun-Identity-H;font-size:10.5pt;">输出m行，分别对应输入字符串的反序。</span>
</p>
<p class="p0">
	<span style="font-size:10.5000pt;font-family:'SimSun-Identity-H';"></span>
</p>]]></output>
<sample_input><![CDATA[2
abcd
eerd]]></sample_input>
<sample_output><![CDATA[dcba
dree]]></sample_output>
  <test_input><![CDATA[20
phqg
hume
ayln
lfdx
firc
vscx
ggbw
kfnq
duxw
fnfo
zvsr
tkjp
repg
gxrp
nrvy
stmw
cysy
ycqp
evik
effm
]]></test_input>
<test_output><![CDATA[gqhp
emuh
nlya
xdfl
crif
xcsv
wbgg
qnfk
wxud
ofnf
rsvz
pjkt
gper
prxg
yvrn
wmts
ysyc
pqcy
kive
mffe
]]></test_output>
<hint><![CDATA[]]></hint>
<source><![CDATA[数据结构高分笔记]]></source>
		<solution language="C"><![CDATA[#include<stdio.h>
#include<stdlib.h>
int main()
{
	int n;
	char c[5];
	scanf("%d",&n);
	for(int i=0;i<n;i++)
	{
		scanf("%s",&c);
		for(int j=3;j>=0;j--)
			printf("%c",c[j]);
		printf("\n");
	}
	//system("pause");
	return 0;
}]]></solution>
			<solution language="C++"><![CDATA[#include <cstdio>
#include <cstring>

int main() {
    //freopen("test.in", "r", stdin);
    //freopen("test.out", "w", stdout);
    int t;
    scanf("%d", &t);
    while (t--) {
        char s[10];
        scanf("%s", s);
        int n = strlen(s);
        for (int i = n - 1; i >= 0; --i)
            putchar(s[i]);
        puts("");
    }
    return 0;
}
]]></solution>
			<solution language="Pascal"><![CDATA[var s:ansistring;
i,j,n:longint;
begin
readln(n);
for i:=1 to n do begin
readln(s);
for j:=length(s) downto 1 do write(s[j]);writeln;
end;
end.]]></solution>
			<solution language="Java"><![CDATA[public class Main {
            public static void main(String[] args) { 
              java.util.Scanner input = new java.util.Scanner(System.in) ;
              int n =input.nextInt();
            for(int j =0;j<n;j++){
                String a = input.next();
                int b = a.length()-1;
                for(int i=b;i>=0;i--){
                    String c= a.charAt(i)+"";
                    System.out.print(c);
                }
                System.out.println();
            }
        }
    }]]></solution>
			<solution language="Python"><![CDATA[#!/usr/bin/python
def reverse1(string): 
    return string[::-1]
num=input()
while num!=0:
    str1=raw_input()
    print(reverse1(str1))
    num=num-1]]></solution>
	</item>
</fps>
