<?xml version="1.0" encoding="UTF-8"?>   
<fps version="1.2" url="https://github.com/zhblue/freeproblemset/">
	<generator name="HUSTOJ" url="https://github.com/zhblue/hustoj/"/>
	<item>
<title><![CDATA[计算两个矩阵的乘积]]></title>
<time_limit unit="s"><![CDATA[1]]></time_limit>
<memory_limit unit="mb"><![CDATA[32]]></memory_limit>

<description><![CDATA[<p>
	计算两个矩阵的乘积，第一个是2*3矩阵，第二个是3*2矩阵，结果为一个2*2矩阵。
</p>]]></description>
<input><![CDATA[<p>
	输入包含多组数据，先输入一个2*3矩阵，再输入一个3*2矩阵。
</p>]]></input> 
<output><![CDATA[<p>
	输出两个矩阵的乘积。
</p>]]></output>
<sample_input><![CDATA[1 1 1
1 1 1
1 1
1 1
1 1]]></sample_input>
<sample_output><![CDATA[3 3
3 3]]></sample_output>
  <test_input><![CDATA[1 1 1
1 1 1
1 1
1 1
1 1
2 14 16
18 19 3
12 8
10 6
17 8
3 19 13
4 14 5
3 6
8 8
17 5
15 5 13
0 12 19
4 4
10 15
4 16
7 2 8
6 13 7
17 12
19 16
9 13
10 0 15
20 19 17
17 17
5 3
19 10
1 6 14
18 18 20
13 19
0 16
4 7
7 0 5
19 15 7
0 8
13 4
4 12
16 14 5
14 8 0
9 17
7 14
17 5
12 9 20
20 13 16
9 11
11 13
18 9
0 12 20
4 14 1
8 4
9 10
10 0
1 9 15
13 8 15
16 13
1 19
17 2
6 7 12
9 8 2
6 15
8 18
14 7
10 18 17
16 2 16
20 16
5 14
16 3
8 3 8
5 0 8
19 19
12 1
3 20
6 9 2
8 10 10
7 0
13 12
15 15
13 7 5
8 10 6
3 16
16 7
20 18
10 1 3
17 16 10
1 8
3 18
15 3
19 8 5
20 7 3
19 0
19 6
4 12
2 5 0
18 1 9
19 12
12 7
16 11
]]></test_input>
<test_output><![CDATA[3 3
3 3
436 228
457 282
382 235
209 161
162 343
196 484
229 220
412 371
455 320
758 567
69 213
314 770
20 116
223 296
327 493
182 350
567 429
611 533
308 120
168 156
280 214
471 351
260 300
146 293
562 463
586 332
212 315
119 255
189 138
336 270
251 347
304 306
58 107
215 454
533 108
525 78
98 59
498 322
]]></test_output>
<hint><![CDATA[]]></hint>
<source><![CDATA[算法笔记 数据结构高分笔记]]></source>
		<solution language="C"><![CDATA[#include <stdio.h>
int main()
{
	int a[2][3],b[3][2];
	int ans[2][2];
	while(~scanf("%d%d%d",&a[0][0],&a[0][1],&a[0][2]))
	{
		scanf("%d%d%d",&a[1][0],&a[1][1],&a[1][2]);
		scanf("%d%d",&b[0][0],&b[0][1]);
		scanf("%d%d",&b[1][0],&b[1][1]);
		scanf("%d%d",&b[2][0],&b[2][1]);

		ans[0][0] = a[0][0]*b[0][0] + a[0][1]*b[1][0] + a[0][2] * b[2][0];
		ans[0][1] = a[0][0]*b[0][1] + a[0][1]*b[1][1] + a[0][2] * b[2][1];
		ans[1][0] = a[1][0]*b[0][0] + a[1][1]*b[1][0] + a[1][2] * b[2][0];
		ans[1][1] = a[1][0]*b[0][1] + a[1][1]*b[1][1] + a[1][2] * b[2][1];

		printf("%d %d\n",ans[0][0],ans[0][1]);
		printf("%d %d\n",ans[1][0],ans[1][1]);
	}
	return 0;
}
]]></solution>
			<solution language="C++"><![CDATA[#include<stdio.h>
#include<string.h>

int main()
{
	int a[2][3],b[3][2],c[2][2],i,j,k;
	while(scanf("%d",&a[0][0])!=EOF)
	{
		for(i=0;i<2;i++)
			for(j=0;j<3;j++)
				if(i||j)
					scanf("%d",&a[i][j]);
		for(i=0;i<3;i++)
			for(j=0;j<2;j++)
				scanf("%d",&b[i][j]);
		memset(c,0,sizeof(c));
		for(i=0;i<2;i++)
			for(j=0;j<2;j++)
				for(k=0;k<3;k++)
					c[i][j]+=a[i][k]*b[k][j];
		for(i=0;i<2;i++)
			for(j=0;j<2;j++)
				printf(j==1?"%d\n":"%d ",c[i][j]);
	}
	return 0;
}]]></solution>
			<solution language="Java"><![CDATA[import java.util.Scanner;
public class Main
{
	public static void main(String[] argStrings)
	{ 
		Scanner inputScanner=new Scanner(System.in);
		  int[][] Matrix=new int[2][3]; 
		  int[][] Matrix2=new int[3][2];   
		       int i,j,k;  
				int row = 2,col = 3; 
				while(inputScanner.hasNextInt())
				{          int Matrix3[][] = new int[2][2];           
				for(i = 0;i < row;i++)
				{   
					for(j = 0;j < col;j++){  
		                Matrix[i][j]=inputScanner.nextInt();      
		        }         
			
				}            
				for(i = 0;i < col;i++)
				{       
					for(j = 0;j < row;j++)
					{ 
						Matrix2[i][j]=inputScanner.nextInt(); 
					}       
				}          
				for(i = 0;i < row;i++)
				{     
					for(j = 0;j < row;j++)
					{      
						for(k = 0;k < col;k++)
						{                
							Matrix3[i][j] += Matrix[i][k] * Matrix2[k][j];    
						}            
					}        
				}                  
				for(i = 0;i < row;i++)
				{      int count=0;
					for(j = 0;j < row;j++,count++)
					{   if(count==0)
						System.out.printf("%d ",Matrix3[i][j]);
					else
						System.out.printf("%d",Matrix3[i][j]);
					}
					System.out.printf("\n");	
				}                 
			}       
		  }

}
]]></solution>
	</item>
</fps>
