<?xml version="1.0" encoding="UTF-8"?>   
<fps version="1.2" url="https://github.com/zhblue/freeproblemset/">
	<generator name="HUSTOJ" url="https://github.com/zhblue/hustoj/"/>
	<item>
<title><![CDATA[C语言4.11]]></title>
<time_limit unit="s"><![CDATA[1]]></time_limit>
<memory_limit unit="mb"><![CDATA[32]]></memory_limit>

<description><![CDATA[<p>
	求方程式ax<sup>2</sup>+bx+c=0的实根。
</p>]]></description>
<input><![CDATA[<p>
	三个用空格隔开的整数a、b、c，保证a不为0，且b<sup>2</sup>-4ac&gt;0。
</p>]]></input> 
<output><![CDATA[<p>
	输出方程式ax<sup>2</sup>+bx+c=0的两个实根。所有的实数输出请使用C语言的默认舍入方式保留4位小数，注意行尾输出换行。
</p>]]></output>
<sample_input><![CDATA[1 3 2]]></sample_input>
<sample_output><![CDATA[-2.0000 -1.0000
]]></sample_output>
  <test_input><![CDATA[2 7 5
]]></test_input>
<test_output><![CDATA[-2.5000 -1.0000
]]></test_output>
<hint><![CDATA[]]></hint>
<source><![CDATA[教学题-C语言]]></source>
		<solution language="C"><![CDATA[#include<stdio.h>
int main(){int a,b,c;
	int disc;
	double p1,p2;
	scanf("%d %d %d",&a,&b,&c);
	if(a!=0){
		disc=b*b-4*a*c;
		p1=-b/(2.0*a);
			p2=sqrt(disc)/(2.0*a);
			printf("%.4lf %.4lf\n",p1-p2,p1+p2);
		}
return 0;}]]></solution>
			<solution language="C++"><![CDATA[#include <stdio.h>
#include <math.h>
int main() {
	int a, b, c, delta;
	double ans0, ans1, sqrt_delta;
	scanf("%d %d %d", &a, &b, &c);
	/* 计算delta的值（b*b-4*a*c） */
	delta = b * b - 4 * a * c;
	sqrt_delta = sqrt(delta);
	ans0 = (-b - sqrt_delta) / (2.0 * a);
	ans1 = (-b + sqrt_delta) / (2.0 * a);
	printf("%.4f %.4f\n", ans0, ans1);
	return 0;
}
]]></solution>
			<solution language="Pascal"><![CDATA[var 
  a,b,c,d:double;

begin
  readln(a,b,c);
  d:=b*b-4*a*c;
  writeln( (-b-sqrt(d))/(2*a):0:4 ,' ', (-b+sqrt(d))/(2*a):0:4 );
end.
]]></solution>
			<solution language="Java"><![CDATA[import java.util.*;
public class Main {
	public static void main(String args[]) {
		Scanner cin = new Scanner(System.in);
		double a,b,c;
		double d;
		double x1,x2;
		a=cin.nextInt();
		b=cin.nextInt();
		c=cin.nextInt();
		d=Math.pow(b, 2)-4*a*c;
		if(d==0){
			x1=-b/(2*a);
			System.out.printf("%.4f\n",x1);
		}
		else if(d>0){
			x1=(-b+Math.sqrt(d))/(2*a);
			x2=(-b-Math.sqrt(d))/(2*a);
			System.out.printf("%.4f %.4f\n",x2,x1);
		}
		else {
			System.out.println("no answer");
		}
	}
}]]></solution>
			<solution language="Python"><![CDATA[from math import sqrt
a,b,c = [float(x) for x in raw_input().split()]
print "%.4f %.4f" %((-b-sqrt(b*b-4*a*c))/(2*a), (-b+sqrt(b*b-4*a*c))/(2*a))]]></solution>
	</item>
</fps>
