<?xml version="1.0" encoding="UTF-8"?>   
<fps version="1.2" url="https://github.com/zhblue/freeproblemset/">
	<generator name="HUSTOJ" url="https://github.com/zhblue/hustoj/"/>
	<item>
<title><![CDATA[3.1.3 Humble Numbers丑数]]></title>
<time_limit unit="s"><![CDATA[1]]></time_limit>
<memory_limit unit="mb"><![CDATA[128]]></memory_limit>

<description><![CDATA[<p style="text-align:center;font-family:sans-serif;font-size:13px;background-color:#FFFFFF;">
	<span style="font-size:16px;"><strong>3.1.3 Humble Numbers丑数</strong></span> 
</p>
<p style="text-align:center;font-family:sans-serif;font-size:13px;background-color:#FFFFFF;">
	<span><strong><span style="font-size:16px;">(</span></strong><span style="font-family:sans-serif;line-height:24px;background-color:#FFFFFF;font-size:16px;"><strong>humble.pas/c/cpp</strong></span><strong><span style="font-size:16px;"></span></strong><strong><span style="font-size:16px;">)</span></strong></span> 
</p>
<p style="font-family:sans-serif;font-size:13px;background-color:#FFFFFF;">
	<span style="font-size:16px;">对于一给定的素数集合 S = {p</span><sub><span style="font-size:16px;">1</span></sub><span style="font-size:16px;">, p</span><sub><span style="font-size:16px;">2</span></sub><span style="font-size:16px;">, ..., p</span><sub><span style="font-size:16px;">K</span></sub><span style="font-size:16px;">},考虑一个正整数集合，该集合中任一元素的质因数全部属于S。这个正整数集合包括，p</span><sub><span style="font-size:16px;">1</span></sub><span style="font-size:16px;">、p</span><sub><span style="font-size:16px;">1</span></sub><span style="font-size:16px;">*p</span><sub><span style="font-size:16px;">2</span></sub><span style="font-size:16px;">、p</span><sub><span style="font-size:16px;">1</span></sub><span style="font-size:16px;">*p</span><sub><span style="font-size:16px;">1</span></sub><span style="font-size:16px;">、p</span><sub><span style="font-size:16px;">1</span></sub><span style="font-size:16px;">*p</span><sub><span style="font-size:16px;">2</span></sub><span style="font-size:16px;">*p</span><sub><span style="font-size:16px;">3</span></sub><span style="font-size:16px;">...(还有其它)。该集合被称为S集合的“丑数集合”。</span> 
</p>
<p style="font-family:sans-serif;font-size:13px;background-color:#FFFFFF;">
	<span style="font-size:16px;">注意：我们认为1不是一个丑数。</span> 
</p>
<p style="font-family:sans-serif;font-size:13px;background-color:#FFFFFF;">
	<span style="font-size:16px;">你的工作是对于输入的集合S去寻找“丑数集合”中的第N个“丑数”。所有答案可以用longint(32位整数)存储。</span> 
</p>
<p style="font-family:sans-serif;font-size:13px;background-color:#FFFFFF;">
	<span style="font-size:16px;">补充：丑数集合中每个数从小到大排列，每个丑数都是素数集合中的数的乘积，第N个“丑数”就是在能由素数集合中的数相乘得来的（包括它本身）第n小的数。</span> 
</p>
<h2 style="background-color:#FFFFFF;font-weight:normal;font-size:19px;font-family:sans-serif;">
	<span class="mw-headline" id=".E6.A0.BC.E5.BC.8F" style="font-size:16px;">格式</span> 
</h2>
<p style="font-family:sans-serif;font-size:13px;background-color:#FFFFFF;">
	<b><span style="font-size:16px;">PROGRAM NAME</span></b><span style="font-size:16px;">: humble</span> 
</p>
<p style="font-family:sans-serif;font-size:13px;background-color:#FFFFFF;">
	<b><span style="font-size:16px;">INPUT FORMAT</span></b><span style="font-size:16px;">:</span> 
</p>
<p style="font-family:sans-serif;font-size:13px;background-color:#FFFFFF;">
	<span style="font-size:16px;">(file humble.in)</span> 
</p>
<p style="font-family:sans-serif;font-size:13px;background-color:#FFFFFF;">
	<span style="font-size:16px;">第 1 行: 二个被空格分开的整数:K 和 N ， 1&lt;= K&lt;=100 ， 1&lt;= N&lt;=100,000.</span> 
</p>
<p style="font-family:sans-serif;font-size:13px;background-color:#FFFFFF;">
	<span style="font-size:16px;">第 2 行: K 个被空格分开的整数:集合S的元素</span> 
</p>
<p style="font-family:sans-serif;font-size:13px;background-color:#FFFFFF;">
	<b><span style="font-size:16px;">OUTPUT FORMAT</span></b><span style="font-size:16px;">:</span> 
</p>
<p style="font-family:sans-serif;font-size:13px;background-color:#FFFFFF;">
	<span style="font-size:16px;">(file humble.out)</span> 
</p>
<p style="font-family:sans-serif;font-size:13px;background-color:#FFFFFF;">
	<span style="font-size:16px;">单独的一行，输出对于输入的S的第N个丑数。</span> 
</p>
<h2 style="background-color:#FFFFFF;font-weight:normal;font-size:19px;font-family:sans-serif;">
	<span class="mw-headline" id="SAMPLE_INPUT" style="font-size:16px;">SAMPLE INPUT</span> 
</h2>
<pre> 4 19
 2 3 5 7
</pre>
<h2 style="background-color:#FFFFFF;font-weight:normal;font-size:19px;font-family:sans-serif;">
	<span class="mw-headline" id="SAMPLE_OUTPUT" style="font-size:16px;">SAMPLE OUTPUT</span> 
</h2>
<pre>27</pre>]]></description>
<input><![CDATA[]]></input> 
<output><![CDATA[]]></output>
<sample_input><![CDATA[]]></sample_input>
<sample_output><![CDATA[]]></sample_output>
  