<?xml version="1.0" encoding="UTF-8"?>   
<fps version="1.2" url="https://github.com/zhblue/freeproblemset/">
	<generator name="HUSTOJ" url="https://github.com/zhblue/hustoj/"/>
	<item>
<title><![CDATA[欧几里得游戏]]></title>
<time_limit unit="s"><![CDATA[1]]></time_limit>
<memory_limit unit="mb"><![CDATA[32]]></memory_limit>

<description><![CDATA[小明和小红在玩欧几里得游戏。他们从两个自然数开始，第一个玩家小明，从两个数的较大数中减去较小数的尽可能大的正整数倍，只要差为非负即可。然后，第二个玩家小红，对得到的两个数进行同样的操作，然后又是小明。就这样轮流进行游戏，直至某个玩家将较大数减去较小数的某个倍数之后差为0为止，此时游戏结束，该玩家就是胜利者。]]></description>
<input><![CDATA[输入包含多组测试数据。每组输入两个正整数，表示游戏一开始的两个数，游戏总是小明先开始。<br />
当输入两个0的时候，输入结束。<br />]]></input> 
<output><![CDATA[对于每组输入，输出最后的胜者，我们认为他们两个都是顶尖高手，每一步游戏都做出了最佳的选择。<br />
具体输出格式见输出样例。<br />]]></output>
<sample_input><![CDATA[34 12
15 24
0 0]]></sample_input>
<sample_output><![CDATA[xiaoming wins
xiaohong wins]]></sample_output>
  <test_input><![CDATA[11 11
20 80
8 1
11 12
91 81
12 77
5 15
42 78
8 57
74 71
65 90
92 94
89 36
3 60
83 86
30 65
80 100
70 31
59 93
27 32
99 96
32 68
87 18
47 19
47 55
19 78
47 20
75 45
33 61
68 4
54 50
53 99
1 16
44 92
63 68
71 79
89 83
67 57
99 96
74 19
12 24
30 90
23 96
49 59
22 8
9 89
49 42
10 57
66 74
64 8
86 7
30 61
77 63
47 22
41 49
38 66
33 30
81 90
56 73
6 20
91 72
30 1
42 93
5 12
37 25
36 51
61 36
94 27
10 92
9 85
12 12
35 51
18 87
9 55
60 51
62 33
31 67
56 48
55 48
56 90
100 15
77 30
11 91
95 12
14 17
8 18
43 19
44 93
28 21
56 9
73 71
43 76
96 66
9 56
71 82
36 41
25 59
58 54
5 99
10 58
59 8
90 57
85 38
27 84
0 0
]]></test_input>
<test_output><![CDATA[xiaoming wins
xiaoming wins
xiaoming wins
xiaohong wins
xiaohong wins
xiaoming wins
xiaoming wins
xiaoming wins
xiaoming wins
xiaohong wins
xiaohong wins
xiaohong wins
xiaoming wins
xiaoming wins
xiaohong wins
xiaoming wins
xiaohong wins
xiaoming wins
xiaohong wins
xiaohong wins
xiaohong wins
xiaoming wins
xiaoming wins
xiaoming wins
xiaohong wins
xiaoming wins
xiaoming wins
xiaoming wins
xiaoming wins
xiaoming wins
xiaohong wins
xiaoming wins
xiaoming wins
xiaoming wins
xiaohong wins
xiaohong wins
xiaohong wins
xiaohong wins
xiaohong wins
xiaoming wins
xiaoming wins
xiaoming wins
xiaoming wins
xiaohong wins
xiaoming wins
xiaoming wins
xiaohong wins
xiaoming wins
xiaohong wins
xiaoming wins
xiaoming wins
xiaoming wins
xiaohong wins
xiaoming wins
xiaohong wins
xiaoming wins
xiaohong wins
xiaohong wins
xiaohong wins
xiaoming wins
xiaohong wins
xiaoming wins
xiaoming wins
xiaoming wins
xiaohong wins
xiaohong wins
xiaoming wins
xiaoming wins
xiaoming wins
xiaoming wins
xiaoming wins
xiaohong wins
xiaoming wins
xiaoming wins
xiaohong wins
xiaoming wins
xiaoming wins
xiaohong wins
xiaohong wins
xiaohong wins
xiaoming wins
xiaoming wins
xiaoming wins
xiaoming wins
xiaohong wins
xiaoming wins
xiaoming wins
xiaoming wins
xiaohong wins
xiaoming wins
xiaohong wins
xiaoming wins
xiaohong wins
xiaoming wins
xiaohong wins
xiaohong wins
xiaoming wins
xiaohong wins
xiaoming wins
xiaoming wins
xiaoming wins
xiaohong wins
xiaoming wins
xiaoming wins
]]></test_output>
<hint><![CDATA[]]></hint>
<source><![CDATA[入门题-博弈]]></source>
		<solution language="C"><![CDATA[#include<stdio.h>

int main()
{
	int a,b,t,n;
	while(scanf("%d%d",&a,&b)!=EOF,a||b)
	{
		n=0;
		if(a<b)
		{
			t=a;
			a=b;
			b=t;
		}
		if(a*1.0/b>=2||a*1.0/b==1)
			printf("xiaoming wins\n");
		else
		{
			while(1)
			{
				n++;
				t=b;
				b=a-b;
				a=t;
				if(a*1.0/b>=2&&n%2!=0)
				{
					printf("xiaohong wins\n");
					break;
				}
				else if(a*1.0/b>=2&&n%2==0)
				{
					printf("xiaoming wins\n");
					break;
				}
			}
		}
	}
	return 0;
}]]></solution>
			<solution language="C++"><![CDATA[#include<stdio.h>

int main()
{
	int a,b,t,n;
	while(scanf("%d%d",&a,&b)!=EOF,a||b)
	{
		n=0;
		if(a<b)
		{
			t=a;
			a=b;
			b=t;
		}
		if(a*1.0/b>=2||a*1.0/b==1)
			printf("xiaoming wins\n");
		else
		{
			while(1)
			{
				n++;
				t=b;
				b=a-b;
				a=t;
				if(a*1.0/b>=2&&n%2!=0)
				{
					printf("xiaohong wins\n");
					break;
				}
				else if(a*1.0/b>=2&&n%2==0)
				{
					printf("xiaoming wins\n");
					break;
				}
			}
		}
	}
	return 0;
}]]></solution>
			<solution language="Java"><![CDATA[import java.io.BufferedInputStream;  
import java.util.*;   
 
public class Main {
 
	public static int gcd ( int a, int b ) {
		int k = a / b, r = a % b; 
		return r == 0 || k > 1 ? 1 : 1 ^ gcd ( b, r ); 
	}
 
    public static void main(String[] args) {
        Scanner in = new Scanner( new BufferedInputStream(System.in) ); 
        while ( in.hasNext() ) { 
        	int a = in.nextInt(), b = in.nextInt();
        	if ( a + b == 0 ) break;
        	if ( a < b ){
        		int t =  a;
        		a =  b ;
        		b = t;
        	} 
        	if ( gcd ( a, b ) == 1 )
        		System.out.println( "xiaoming wins" );
        	else
        		System.out.println( "xiaohong wins" );
        }
    } 
}]]></solution>
	</item>
</fps>
