<?xml version="1.0" encoding="UTF-8"?>   
<fps version="1.2" url="https://github.com/zhblue/freeproblemset/">
	<generator name="HUSTOJ" url="https://github.com/zhblue/hustoj/"/>
	<item>
<title><![CDATA[Grading]]></title>
<time_limit unit="s"><![CDATA[1]]></time_limit>
<memory_limit unit="mb"><![CDATA[32]]></memory_limit>

<description><![CDATA[<p>
	<span style="font-size:larger;"><!--[if gte mso 9]><![endif]--></span>
</p>
<p>
	<span style="font-size:larger;"><!--[if gte mso 9]>Normal07.8 磅02falsefalsefalseEN-USZH-CNX-NONE<![endif]--><!--[if gte mso 9]><![endif]--><!--[if gte mso 10]>
<![endif]--> </span> 
</p>
<p align="left" style="text-align:left;text-indent:21.0pt;" class="MsoNormal">
	<span style="font-size:larger;"><span style="font-family:&quot;color:#333333;background:none repeat scroll 0% 0% white;">Grading hundreds of thousands of Graduate Entrance Exams is a hard work. It is even harder to design a process to make the results as fair as possible. One way is to assign each exam problem to 3 independent experts. If they do not agree to each other, a judge is invited to make the final decision. Now you are asked to write a program to help this process.<br />
&nbsp;&nbsp;&nbsp; For each problem, there is a full-mark P and a tolerance T(&lt;P) given. The grading rules are:<br />
&nbsp;&nbsp;&nbsp; • A problem will first be assigned to 2 experts, to obtain G1 and G2. If the difference is within the tolerance, that is, if |G1 - G2| ≤ T, this problem's grade will be the average of G1 and G2.<br />
&nbsp;&nbsp;&nbsp; • If the difference exceeds T, the 3rd expert will give G3.<br />
&nbsp;&nbsp;&nbsp; • If G3 is within the tolerance with either G1 or G2, but NOT both, then this problem's grade will be the average of G3 and the closest grade.<br />
&nbsp;&nbsp;&nbsp; • If G3 is within the tolerance with both G1 and G2, then this problem's grade will be the maximum of the three grades.<br />
&nbsp;&nbsp;&nbsp; • If G3 is within the tolerance with neither G1 nor G2, a judge will give the final grade GJ.</span></span>
</p>
<p>
	<br />
</p>]]></description>
<input><![CDATA[<p>
	<!--[if gte mso 9]><![endif]-->
</p>
<p>
	<!--[if gte mso 9]>Normal07.8 磅02falsefalsefalseEN-USZH-CNX-NONE<![endif]--><!--[if gte mso 9]><![endif]--><!--[if gte mso 10]>
<![endif]-->
</p>
<p align="left" style="margin-left:21.0pt;text-align:left;" class="MsoNormal">
	<span style="font-size:12.0pt;font-family:&quot;color:#333333;background:white;">Each input file may contain more than&nbsp;one test case.<br />
Each case occupies a line containing six positive integers: P, T, G1, G2, G3, and </span>
</p>
<p align="left" style="text-align:left;" class="MsoNormal">
	<span style="font-size:12.0pt;font-family:&quot;color:#333333;background:white;">GJ, as described in the problem. It is guaranteed that all the grades are valid, that is, in the interval [0, P].</span>
</p>
<p>
	<br />
</p>]]></input> 
<output><![CDATA[<p>
	<!--[if gte mso 9]><![endif]-->
</p>
<p>
	<!--[if gte mso 9]>Normal07.8 磅02falsefalsefalseEN-USZH-CNX-NONE<![endif]--><!--[if gte mso 9]><![endif]--><!--[if gte mso 10]>
<![endif]-->
</p>
<p align="left" style="text-align:left;text-indent:24.0pt;" class="MsoNormal">
	<span style="font-size:12.0pt;font-family:&quot;color:#333333;background:white;">For each test case you should output the final grade of the problem in a line. The answer must be accurate to 1 decimal place.</span>
</p>
<p>
	<br />
</p>]]></output>
<sample_input><![CDATA[20 2 15 13 10 18]]></sample_input>
<sample_output><![CDATA[14.0]]></sample_output>
  <test_input><![CDATA[100 10 98 93 10 100
25 1 21 23 20 12
25 1 21 23 24 12
25 1 21 23 22 12
25 1 21 23 25 12
20 2 15 13 10 18]]></test_input>
<test_output><![CDATA[95.5
20.5
23.5
23.0
12.0
14.0
]]></test_output>
<hint><![CDATA[<p><!--[if gte mso 9]><xml>
<o:OfficeDocumentSettings>
<o:AllowPNG />
</o:OfficeDocumentSettings>
</xml><![endif]--></p>
<p><!--[if gte mso 9]><xml>
<w:WordDocument>
<w:View>Normal</w:View>
<w:Zoom>0</w:Zoom>
<w:TrackMoves />
<w:TrackFormatting />
<w:PunctuationKerning />
<w:DrawingGridVerticalSpacing>7.8 磅</w:DrawingGridVerticalSpacing>
<w:DisplayHorizontalDrawingGridEvery>0</w:DisplayHorizontalDrawingGridEvery>
<w:DisplayVerticalDrawingGridEvery>2</w:DisplayVerticalDrawingGridEvery>
<w:ValidateAgainstSchemas />
<w:SaveIfXMLInvalid>false</w:SaveIfXMLInvalid>
<w:IgnoreMixedContent>false</w:IgnoreMixedContent>
<w:AlwaysShowPlaceholderText>false</w:AlwaysShowPlaceholderText>
<w:DoNotPromoteQF />
<w:LidThemeOther>EN-US</w:LidThemeOther>
<w:LidThemeAsian>ZH-CN</w:LidThemeAsian>
<w:LidThemeComplexScript>X-NONE</w:LidThemeComplexScript>
<w:Compatibility>
<w:SpaceForUL />
<w:BalanceSingleByteDoubleByteWidth />
<w:DoNotLeaveBackslashAlone />
<w:ULTrailSpace />
<w:DoNotExpandShiftReturn />
<w:AdjustLineHeightInTable />
<w:BreakWrappedTables />
<w:SnapToGridInCell />
<w:WrapTextWithPunct />
<w:UseAsianBreakRules />
<w:DontGrowAutofit />
<w:SplitPgBreakAndParaMark />
<w:EnableOpenTypeKerning />
<w:DontFlipMirrorIndents />
<w:OverrideTableStyleHps />
<w:UseFELayout />
</w:Compatibility>
<m:mathPr>
<m:mathFont m:val="Cambria Math" />
<m:brkBin m:val="before" />
<m:brkBinSub m:val="&#45;-" />
<m:smallFrac m:val="off" />
<m:dispDef />
<m:lMargin m:val="0" />
<m:rMargin m:val="0" />
<m:defJc m:val="centerGroup" />
<m:wrapIndent m:val="1440" />
<m:intLim m:val="subSup" />
<m:naryLim m:val="undOvr" />
</m:mathPr></w:WordDocument>
</xml><![endif]--><!--[if gte mso 9]><xml>
<w:LatentStyles DefLockedState="false" DefUnhideWhenUsed="true"
DefSemiHidden="true" DefQFormat="false" DefPriority="99"
LatentStyleCount="267">
<w:LsdException Locked="false" Priority="0" SemiHidden="false"
UnhideWhenUsed="false" QFormat="true" Name="Normal" />
<w:LsdException Locked="false" Priority="9" SemiHidden="false"
UnhideWhenUsed="false" QFormat="true" Name="heading 1" />
<w:LsdException Locked="false" Priority="9" QFormat="true" Name="heading 2" />
<w:LsdException Locked="false" Priority="9" QFormat="true" Name="heading 3" />
<w:LsdException Locked="false" Priority="9" QFormat="true" Name="heading 4" />
<w:LsdException Locked="false" Priority="9" QFormat="true" Name="heading 5" />
<w:LsdException Locked="false" Priority="9" QFormat="true" Name="heading 6" />
<w:LsdException Locked="false" Priority="9" QFormat="true" Name="heading 7" />
<w:LsdException Locked="false" Priority="9" QFormat="true" Name="heading 8" />
<w:LsdException Locked="false" Priority="9" QFormat="true" Name="heading 9" />
<w:LsdException Locked="false" Priority="39" Name="toc 1" />
<w:LsdException Locked="false" Priority="39" Name="toc 2" />
<w:LsdException Locked="false" Priority="39" Name="toc 3" />
<w:LsdException Locked="false" Priority="39" Name="toc 4" />
<w:LsdException Locked="false" Priority="39" Name="toc 5" />
<w:LsdException Locked="false" Priority="39" Name="toc 6" />
<w:LsdException Locked="false" Priority="39" Name="toc 7" />
<w:LsdException Locked="false" Priority="39" Name="toc 8" />
<w:LsdException Locked="false" Priority="39" Name="toc 9" />
<w:LsdException Locked="false" Priority="35" QFormat="true" Name="caption" />
<w:LsdException Locked="false" Priority="10" SemiHidden="false"
UnhideWhenUsed="false" QFormat="true" Name="Title" />
<w:LsdException Locked="false" Priority="0" Name="Default Paragraph Font" />
<w:LsdException Locked="false" Priority="11" SemiHidden="false"
UnhideWhenUsed="false" QFormat="true" Name="Subtitle" />
<w:LsdException Locked="false" Priority="22" SemiHidden="false"
UnhideWhenUsed="false" QFormat="true" Name="Strong" />
<w:LsdException Locked="false" Priority="20" SemiHidden="false"
UnhideWhenUsed="false" QFormat="true" Name="Emphasis" />
<w:LsdException Locked="false" Priority="59" SemiHidden="false"
UnhideWhenUsed="false" Name="Table Grid" />
<w:LsdException Locked="false" UnhideWhenUsed="false" Name="Placeholder Text" />
<w:LsdException Locked="false" Priority="1" SemiHidden="false"
UnhideWhenUsed="false" QFormat="true" Name="No Spacing" />
<w:LsdException Locked="false" Priority="60" SemiHidden="false"
UnhideWhenUsed="false" Name="Light Shading" />
<w:LsdException Locked="false" Priority="61" SemiHidden="false"
UnhideWhenUsed="false" Name="Light List" />
<w:LsdException Locked="false" Priority="62" SemiHidden="false"
UnhideWhenUsed="false" Name="Light Grid" />
<w:LsdException Locked="false" Priority="63" SemiHidden="false"
UnhideWhenUsed="false" Name="Medium Shading 1" />
<w:LsdException Locked="false" Priority="64" SemiHidden="false"
UnhideWhenUsed="false" Name="Medium Shading 2" />
<w:LsdException Locked="false" Priority="65" SemiHidden="false"
UnhideWhenUsed="false" Name="Medium List 1" />
<w:LsdException Locked="false" Priority="66" SemiHidden="false"
UnhideWhenUsed="false" Name="Medium List 2" />
<w:LsdException Locked="false" Priority="67" SemiHidden="false"
UnhideWhenUsed="false" Name="Medium Grid 1" />
<w:LsdException Locked="false" Priority="68" SemiHidden="false"
UnhideWhenUsed="false" Name="Medium Grid 2" />
<w:LsdException Locked="false" Priority="69" SemiHidden="false"
UnhideWhenUsed="false" Name="Medium Grid 3" />
<w:LsdException Locked="false" Priority="70" SemiHidden="false"
UnhideWhenUsed="false" Name="Dark List" />
<w:LsdException Locked="false" Priority="71" SemiHidden="false"
UnhideWhenUsed="false" Name="Colorful Shading" />
<w:LsdException Locked="false" Priority="72" SemiHidden="false"
UnhideWhenUsed="false" Name="Colorful List" />
<w:LsdException Locked="false" Priority="73" SemiHidden="false"
UnhideWhenUsed="false" Name="Colorful Grid" />
<w:LsdException Locked="false" Priority="60" SemiHidden="false"
UnhideWhenUsed="false" Name="Light Shading Accent 1" />
<w:LsdException Locked="false" Priority="61" SemiHidden="false"
UnhideWhenUsed="false" Name="Light List Accent 1" />
<w:LsdException Locked="false" Priority="62" SemiHidden="false"
UnhideWhenUsed="false" Name="Light Grid Accent 1" />
<w:LsdException Locked="false" Priority="63" SemiHidden="false"
UnhideWhenUsed="false" Name="Medium Shading 1 Accent 1" />
<w:LsdException Locked="false" Priority="64" SemiHidden="false"
UnhideWhenUsed="false" Name="Medium Shading 2 Accent 1" />
<w:LsdException Locked="false" Priority="65" SemiHidden="false"
UnhideWhenUsed="false" Name="Medium List 1 Accent 1" />
<w:LsdException Locked="false" UnhideWhenUsed="false" Name="Revision" />
<w:LsdException Locked="false" Priority="34" SemiHidden="false"
UnhideWhenUsed="false" QFormat="true" Name="List Paragraph" />
<w:LsdException Locked="false" Priority="29" SemiHidden="false"
UnhideWhenUsed="false" QFormat="true" Name="Quote" />
<w:LsdException Locked="false" Priority="30" SemiHidden="false"
UnhideWhenUsed="false" QFormat="true" Name="Intense Quote" />
<w:LsdException Locked="false" Priority="66" SemiHidden="false"
UnhideWhenUsed="false" Name="Medium List 2 Accent 1" />
<w:LsdException Locked="false" Priority="67" SemiHidden="false"
UnhideWhenUsed="false" Name="Medium Grid 1 Accent 1" />
<w:LsdException Locked="false" Priority="68" SemiHidden="false"
UnhideWhenUsed="false" Name="Medium Grid 2 Accent 1" />
<w:LsdException Locked="false" Priority="69" SemiHidden="false"
UnhideWhenUsed="false" Name="Medium Grid 3 Accent 1" />
<w:LsdException Locked="false" Priority="70" SemiHidden="false"
UnhideWhenUsed="false" Name="Dark List Accent 1" />
<w:LsdException Locked="false" Priority="71" SemiHidden="false"
UnhideWhenUsed="false" Name="Colorful Shading Accent 1" />
<w:LsdException Locked="false" Priority="72" SemiHidden="false"
UnhideWhenUsed="false" Name="Colorful List Accent 1" />
<w:LsdException Locked="false" Priority="73" SemiHidden="false"
UnhideWhenUsed="false" Name="Colorful Grid Accent 1" />
<w:LsdException Locked="false" Priority="60" SemiHidden="false"
UnhideWhenUsed="false" Name="Light Shading Accent 2" />
<w:LsdException Locked="false" Priority="61" SemiHidden="false"
UnhideWhenUsed="false" Name="Light List Accent 2" />
<w:LsdException Locked="false" Priority="62" SemiHidden="false"
UnhideWhenUsed="false" Name="Light Grid Accent 2" />
<w:LsdException Locked="false" Priority="63" SemiHidden="false"
UnhideWhenUsed="false" Name="Medium Shading 1 Accent 2" />
<w:LsdException Locked="false" Priority="64" SemiHidden="false"
UnhideWhenUsed="false" Name="Medium Shading 2 Accent 2" />
<w:LsdException Locked="false" Priority="65" SemiHidden="false"
UnhideWhenUsed="false" Name="Medium List 1 Accent 2" />
<w:LsdException Locked="false" Priority="66" SemiHidden="false"
UnhideWhenUsed="false" Name="Medium List 2 Accent 2" />
<w:LsdException Locked="false" Priority="67" SemiHidden="false"
UnhideWhenUsed="false" Name="Medium Grid 1 Accent 2" />
<w:LsdException Locked="false" Priority="68" SemiHidden="false"
UnhideWhenUsed="false" Name="Medium Grid 2 Accent 2" />
<w:LsdException Locked="false" Priority="69" SemiHidden="false"
UnhideWhenUsed="false" Name="Medium Grid 3 Accent 2" />
<w:LsdException Locked="false" Priority="70" SemiHidden="false"
UnhideWhenUsed="false" Name="Dark List Accent 2" />
<w:LsdException Locked="false" Priority="71" SemiHidden="false"
UnhideWhenUsed="false" Name="Colorful Shading Accent 2" />
<w:LsdException Locked="false" Priority="72" SemiHidden="false"
UnhideWhenUsed="false" Name="Colorful List Accent 2" />
<w:LsdException Locked="false" Priority="73" SemiHidden="false"
UnhideWhenUsed="false" Name="Colorful Grid Accent 2" />
<w:LsdException Locked="false" Priority="60" SemiHidden="false"
UnhideWhenUsed="false" Name="Light Shading Accent 3" />
<w:LsdException Locked="false" Priority="61" SemiHidden="false"
UnhideWhenUsed="false" Name="Light List Accent 3" />
<w:LsdException Locked="false" Priority="62" SemiHidden="false"
UnhideWhenUsed="false" Name="Light Grid Accent 3" />
<w:LsdException Locked="false" Priority="63" SemiHidden="false"
UnhideWhenUsed="false" Name="Medium Shading 1 Accent 3" />
<w:LsdException Locked="false" Priority="64" SemiHidden="false"
UnhideWhenUsed="false" Name="Medium Shading 2 Accent 3" />
<w:LsdException Locked="false" Priority="65" SemiHidden="false"
UnhideWhenUsed="false" Name="Medium List 1 Accent 3" />
<w:LsdException Locked="false" Priority="66" SemiHidden="false"
UnhideWhenUsed="false" Name="Medium List 2 Accent 3" />
<w:LsdException Locked="false" Priority="67" SemiHidden="false"
UnhideWhenUsed="false" Name="Medium Grid 1 Accent 3" />
<w:LsdException Locked="false" Priority="68" SemiHidden="false"
UnhideWhenUsed="false" Name="Medium Grid 2 Accent 3" />
<w:LsdException Locked="false" Priority="69" SemiHidden="false"
UnhideWhenUsed="false" Name="Medium Grid 3 Accent 3" />
<w:LsdException Locked="false" Priority="70" SemiHidden="false"
UnhideWhenUsed="false" Name="Dark List Accent 3" />
<w:LsdException Locked="false" Priority="71" SemiHidden="false"
UnhideWhenUsed="false" Name="Colorful Shading Accent 3" />
<w:LsdException Locked="false" Priority="72" SemiHidden="false"
UnhideWhenUsed="false" Name="Colorful List Accent 3" />
<w:LsdException Locked="false" Priority="73" SemiHidden="false"
UnhideWhenUsed="false" Name="Colorful Grid Accent 3" />
<w:LsdException Locked="false" Priority="60" SemiHidden="false"
UnhideWhenUsed="false" Name="Light Shading Accent 4" />
<w:LsdException Locked="false" Priority="61" SemiHidden="false"
UnhideWhenUsed="false" Name="Light List Accent 4" />
<w:LsdException Locked="false" Priority="62" SemiHidden="false"
UnhideWhenUsed="false" Name="Light Grid Accent 4" />
<w:LsdException Locked="false" Priority="63" SemiHidden="false"
UnhideWhenUsed="false" Name="Medium Shading 1 Accent 4" />
<w:LsdException Locked="false" Priority="64" SemiHidden="false"
UnhideWhenUsed="false" Name="Medium Shading 2 Accent 4" />
<w:LsdException Locked="false" Priority="65" SemiHidden="false"
UnhideWhenUsed="false" Name="Medium List 1 Accent 4" />
<w:LsdException Locked="false" Priority="66" SemiHidden="false"
UnhideWhenUsed="false" Name="Medium List 2 Accent 4" />
<w:LsdException Locked="false" Priority="67" SemiHidden="false"
UnhideWhenUsed="false" Name="Medium Grid 1 Accent 4" />
<w:LsdException Locked="false" Priority="68" SemiHidden="false"
UnhideWhenUsed="false" Name="Medium Grid 2 Accent 4" />
<w:LsdException Locked="false" Priority="69" SemiHidden="false"
UnhideWhenUsed="false" Name="Medium Grid 3 Accent 4" />
<w:LsdException Locked="false" Priority="70" SemiHidden="false"
UnhideWhenUsed="false" Name="Dark List Accent 4" />
<w:LsdException Locked="false" Priority="71" SemiHidden="false"
UnhideWhenUsed="false" Name="Colorful Shading Accent 4" />
<w:LsdException Locked="false" Priority="72" SemiHidden="false"
UnhideWhenUsed="false" Name="Colorful List Accent 4" />
<w:LsdException Locked="false" Priority="73" SemiHidden="false"
UnhideWhenUsed="false" Name="Colorful Grid Accent 4" />
<w:LsdException Locked="false" Priority="60" SemiHidden="false"
UnhideWhenUsed="false" Name="Light Shading Accent 5" />
<w:LsdException Locked="false" Priority="61" SemiHidden="false"
UnhideWhenUsed="false" Name="Light List Accent 5" />
<w:LsdException Locked="false" Priority="62" SemiHidden="false"
UnhideWhenUsed="false" Name="Light Grid Accent 5" />
<w:LsdException Locked="false" Priority="63" SemiHidden="false"
UnhideWhenUsed="false" Name="Medium Shading 1 Accent 5" />
<w:LsdException Locked="false" Priority="64" SemiHidden="false"
UnhideWhenUsed="false" Name="Medium Shading 2 Accent 5" />
<w:LsdException Locked="false" Priority="65" SemiHidden="false"
UnhideWhenUsed="false" Name="Medium List 1 Accent 5" />
<w:LsdException Locked="false" Priority="66" SemiHidden="false"
UnhideWhenUsed="false" Name="Medium List 2 Accent 5" />
<w:LsdException Locked="false" Priority="67" SemiHidden="false"
UnhideWhenUsed="false" Name="Medium Grid 1 Accent 5" />
<w:LsdException Locked="false" Priority="68" SemiHidden="false"
UnhideWhenUsed="false" Name="Medium Grid 2 Accent 5" />
<w:LsdException Locked="false" Priority="69" SemiHidden="false"
UnhideWhenUsed="false" Name="Medium Grid 3 Accent 5" />
<w:LsdException Locked="false" Priority="70" SemiHidden="false"
UnhideWhenUsed="false" Name="Dark List Accent 5" />
<w:LsdException Locked="false" Priority="71" SemiHidden="false"
UnhideWhenUsed="false" Name="Colorful Shading Accent 5" />
<w:LsdException Locked="false" Priority="72" SemiHidden="false"
UnhideWhenUsed="false" Name="Colorful List Accent 5" />
<w:LsdException Locked="false" Priority="73" SemiHidden="false"
UnhideWhenUsed="false" Name="Colorful Grid Accent 5" />
<w:LsdException Locked="false" Priority="60" SemiHidden="false"
UnhideWhenUsed="false" Name="Light Shading Accent 6" />
<w:LsdException Locked="false" Priority="61" SemiHidden="false"
UnhideWhenUsed="false" Name="Light List Accent 6" />
<w:LsdException Locked="false" Priority="62" SemiHidden="false"
UnhideWhenUsed="false" Name="Light Grid Accent 6" />
<w:LsdException Locked="false" Priority="63" SemiHidden="false"
UnhideWhenUsed="false" Name="Medium Shading 1 Accent 6" />
<w:LsdException Locked="false" Priority="64" SemiHidden="false"
UnhideWhenUsed="false" Name="Medium Shading 2 Accent 6" />
<w:LsdException Locked="false" Priority="65" SemiHidden="false"
UnhideWhenUsed="false" Name="Medium List 1 Accent 6" />
<w:LsdException Locked="false" Priority="66" SemiHidden="false"
UnhideWhenUsed="false" Name="Medium List 2 Accent 6" />
<w:LsdException Locked="false" Priority="67" SemiHidden="false"
UnhideWhenUsed="false" Name="Medium Grid 1 Accent 6" />
<w:LsdException Locked="false" Priority="68" SemiHidden="false"
UnhideWhenUsed="false" Name="Medium Grid 2 Accent 6" />
<w:LsdException Locked="false" Priority="69" SemiHidden="false"
UnhideWhenUsed="false" Name="Medium Grid 3 Accent 6" />
<w:LsdException Locked="false" Priority="70" SemiHidden="false"
UnhideWhenUsed="false" Name="Dark List Accent 6" />
<w:LsdException Locked="false" Priority="71" SemiHidden="false"
UnhideWhenUsed="false" Name="Colorful Shading Accent 6" />
<w:LsdException Locked="false" Priority="72" SemiHidden="false"
UnhideWhenUsed="false" Name="Colorful List Accent 6" />
<w:LsdException Locked="false" Priority="73" SemiHidden="false"
UnhideWhenUsed="false" Name="Colorful Grid Accent 6" />
<w:LsdException Locked="false" Priority="19" SemiHidden="false"
UnhideWhenUsed="false" QFormat="true" Name="Subtle Emphasis" />
<w:LsdException Locked="false" Priority="21" SemiHidden="false"
UnhideWhenUsed="false" QFormat="true" Name="Intense Emphasis" />
<w:LsdException Locked="false" Priority="31" SemiHidden="false"
UnhideWhenUsed="false" QFormat="true" Name="Subtle Reference" />
<w:LsdException Locked="false" Priority="32" SemiHidden="false"
UnhideWhenUsed="false" QFormat="true" Name="Intense Reference" />
<w:LsdException Locked="false" Priority="33" SemiHidden="false"
UnhideWhenUsed="false" QFormat="true" Name="Book Title" />
<w:LsdException Locked="false" Priority="37" Name="Bibliography" />
<w:LsdException Locked="false" Priority="39" QFormat="true" Name="TOC Heading" />
</w:LatentStyles>
</xml><![endif]--><!--[if gte mso 10]>
<style>
/* Style Definitions */
table.MsoNormalTable
{mso-style-name:普通表格;
mso-tstyle-rowband-size:0;
mso-tstyle-colband-size:0;
mso-style-noshow:yes;
mso-style-priority:99;
mso-style-parent:"";
mso-padding-alt:0cm 5.4pt 0cm 5.4pt;
mso-para-margin:0cm;
mso-para-margin-bottom:.0001pt;
mso-pagination:widow-orphan;
font-size:10.0pt;
font-family:"Times New Roman","serif";}
</style>
<![endif]-->
<p class="MsoNormal"><span style="font-family:宋体;mso-ascii-font-family:&quot;Times New Roman&quot;;
mso-hansi-font-family:&quot;Times New Roman&quot;">如果能够耐心读懂本题题目，实际上本题并不难。题目中需要求的是打分问题。首先给定的是总分</span><span lang="EN-US">P</span><span style="font-family:宋体;mso-ascii-font-family:&quot;Times New Roman&quot;;
mso-hansi-font-family:&quot;Times New Roman&quot;">和一个允许的差额</span><span lang="EN-US">T</span><span style="font-family:宋体;mso-ascii-font-family:&quot;Times New Roman&quot;;mso-hansi-font-family:
&quot;Times New Roman&quot;">。然后给定最先打出的两个分数</span><span lang="EN-US">G1</span><span style="font-family:宋体;mso-ascii-font-family:&quot;Times New Roman&quot;;mso-hansi-font-family:
&quot;Times New Roman&quot;">和</span><span lang="EN-US">G2</span><span style="font-family:
宋体;mso-ascii-font-family:&quot;Times New Roman&quot;;mso-hansi-font-family:&quot;Times New Roman&quot;">。</span></p>
<p style="margin-left:0cm;text-indent:0cm;mso-list:l0 level1 lfo1" class="MsoNormal"><span lang="EN-US" style="mso-fareast-font-family:&quot;Times New Roman&quot;"><span style="mso-list:Ignore">1）</span></span><span style="font-family:
宋体;mso-ascii-font-family:&quot;Times New Roman&quot;;mso-hansi-font-family:&quot;Times New Roman&quot;">如果</span><span lang="EN-US">G1</span><span style="font-family:宋体;mso-ascii-font-family:&quot;Times New Roman&quot;;
mso-hansi-font-family:&quot;Times New Roman&quot;">与</span><span lang="EN-US">G2</span><span style="font-family:宋体;mso-ascii-font-family:&quot;Times New Roman&quot;;mso-hansi-font-family:
&quot;Times New Roman&quot;">的差值不大于</span><span lang="EN-US">T</span><span style="font-family:宋体;mso-ascii-font-family:&quot;Times New Roman&quot;;mso-hansi-font-family:
&quot;Times New Roman&quot;">，则最终分数为</span><span lang="EN-US">G1</span><span style="font-family:宋体;mso-ascii-font-family:&quot;Times New Roman&quot;;mso-hansi-font-family:
&quot;Times New Roman&quot;">与</span><span lang="EN-US">G2</span><span style="font-family:
宋体;mso-ascii-font-family:&quot;Times New Roman&quot;;mso-hansi-font-family:&quot;Times New Roman&quot;">的平均分；</span></p>
<p style="margin-left:0cm;text-indent:0cm;mso-list:l0 level1 lfo1" class="MsoNormal"><span lang="EN-US" style="mso-fareast-font-family:&quot;Times New Roman&quot;"><span style="mso-list:Ignore">2）</span></span><span style="font-family:
宋体;mso-ascii-font-family:&quot;Times New Roman&quot;;mso-hansi-font-family:&quot;Times New Roman&quot;">否则给出第三个分数</span><span lang="EN-US">G3</span><span style="font-family:宋体;mso-ascii-font-family:&quot;Times New Roman&quot;;
mso-hansi-font-family:&quot;Times New Roman&quot;">，计算</span><span lang="EN-US">G3</span><span style="font-family:宋体;mso-ascii-font-family:&quot;Times New Roman&quot;;mso-hansi-font-family:
&quot;Times New Roman&quot;">与前面两个分数的差值。如果两个差值都不大于</span><span lang="EN-US">T</span><span style="font-family:宋体;mso-ascii-font-family:&quot;Times New Roman&quot;;mso-hansi-font-family:
&quot;Times New Roman&quot;">，则最终结果为</span><span lang="EN-US">3</span><span style="font-family:宋体;mso-ascii-font-family:&quot;Times New Roman&quot;;mso-hansi-font-family:
&quot;Times New Roman&quot;">个分数中的最大值；</span></p>
<p style="margin-left:0cm;text-indent:0cm;mso-list:l0 level1 lfo1" class="MsoNormal"><span lang="EN-US" style="mso-fareast-font-family:&quot;Times New Roman&quot;"><span style="mso-list:Ignore">3）</span></span><span style="font-family:
宋体;mso-ascii-font-family:&quot;Times New Roman&quot;;mso-hansi-font-family:&quot;Times New Roman&quot;">如果只有一个差值不大于</span><span lang="EN-US">T</span><span style="font-family:宋体;mso-ascii-font-family:&quot;Times New Roman&quot;;
mso-hansi-font-family:&quot;Times New Roman&quot;">，则最终结果为</span><span lang="EN-US">G3</span><span style="font-family:宋体;mso-ascii-font-family:&quot;Times New Roman&quot;;mso-hansi-font-family:
&quot;Times New Roman&quot;">与那个同</span><span lang="EN-US">G3</span><span style="font-family:
宋体;mso-ascii-font-family:&quot;Times New Roman&quot;;mso-hansi-font-family:&quot;Times New Roman&quot;">差值不大于</span><span lang="EN-US">T</span><span style="font-family:宋体;mso-ascii-font-family:&quot;Times New Roman&quot;;
mso-hansi-font-family:&quot;Times New Roman&quot;">的分数的平均分；</span></p>
<p style="margin-left:0cm;text-indent:0cm;mso-list:l0 level1 lfo1" class="MsoNormal"><span lang="EN-US" style="mso-fareast-font-family:&quot;Times New Roman&quot;"><span style="mso-list:Ignore">4）</span></span><span style="font-family:
宋体;mso-ascii-font-family:&quot;Times New Roman&quot;;mso-hansi-font-family:&quot;Times New Roman&quot;">如果两个差值都大于</span><span lang="EN-US">T</span><span style="font-family:宋体;mso-ascii-font-family:&quot;Times New Roman&quot;;
mso-hansi-font-family:&quot;Times New Roman&quot;">，则给定第四个分数</span><span lang="EN-US">GJ</span><span style="font-family:宋体;mso-ascii-font-family:&quot;Times New Roman&quot;;mso-hansi-font-family:
&quot;Times New Roman&quot;">，最终成绩就为</span><span lang="EN-US">GJ</span><span style="font-family:宋体;mso-ascii-font-family:&quot;Times New Roman&quot;;mso-hansi-font-family:
&quot;Times New Roman&quot;">。</span></p>
<p class="MsoNormal"><span style="font-family:宋体;mso-ascii-font-family:&quot;Times New Roman&quot;;
mso-hansi-font-family:&quot;Times New Roman&quot;">题目本身不难，我就不过多解释了，需要注意的有三点：</span></p>
<p style="margin-left:0cm;text-indent:0cm;mso-list:l1 level1 lfo2" class="MsoNormal"><span lang="EN-US" style="mso-fareast-font-family:&quot;Times New Roman&quot;"><span style="mso-list:Ignore">1）</span></span><span style="font-family:
宋体;mso-ascii-font-family:&quot;Times New Roman&quot;;mso-hansi-font-family:&quot;Times New Roman&quot;">如何读入数据，由于测试数据有多组，都是浮点数。那么可以先读取一个浮点数判断是否读到了文件结尾，如果没有读到文件结尾则说明还有一组数据，则读入剩下的数据。或者直接将六个浮点数一起读入，判断是否读到文件结尾；</span></p>
<p style="margin-left:0cm;text-indent:0cm;mso-list:l1 level1 lfo2" class="MsoNormal"><span lang="EN-US" style="mso-fareast-font-family:&quot;Times New Roman&quot;"><span style="mso-list:Ignore">2）</span></span><span style="font-family:
宋体;mso-ascii-font-family:&quot;Times New Roman&quot;;mso-hansi-font-family:&quot;Times New Roman&quot;">差值是非零实数，在不知道孰大孰小的情况下做差可以使用</span><span lang="EN-US">math.h</span><span style="font-family:宋体;mso-ascii-font-family:&quot;Times New Roman&quot;;
mso-hansi-font-family:&quot;Times New Roman&quot;">中的</span><span lang="EN-US">fabs</span><span style="font-family:宋体;mso-ascii-font-family:&quot;Times New Roman&quot;;mso-hansi-font-family:
&quot;Times New Roman&quot;">函数。或者做个判断。</span></p>
<p style="margin-left:0cm;text-indent:0cm;mso-list:l1 level1 lfo2" class="MsoNormal"><span lang="EN-US" style="mso-fareast-font-family:&quot;Times New Roman&quot;"><span style="mso-list:Ignore">3）</span></span><span style="font-family:
宋体;mso-ascii-font-family:&quot;Times New Roman&quot;;mso-hansi-font-family:&quot;Times New Roman&quot;">结果需要保留一位小数，可以使用</span></p>
<p style="text-indent:21.0pt" class="MsoNormal"><span lang="EN-US">printf(&quot;%.1lf&quot;);</span></p>
<p class="MsoNormal"><span style="font-family:宋体;mso-ascii-font-family:&quot;Times New Roman&quot;;
mso-hansi-font-family:&quot;Times New Roman&quot;">来输出，第一个是数字&ldquo;</span><span lang="EN-US">1</span><span style="font-family:宋体;mso-ascii-font-family:&quot;Times New Roman&quot;;mso-hansi-font-family:
&quot;Times New Roman&quot;">&rdquo;，第二个是小写&ldquo;</span><span lang="EN-US">L</span><span style="font-family:宋体;mso-ascii-font-family:&quot;Times New Roman&quot;;mso-hansi-font-family:
&quot;Times New Roman&quot;">&rdquo;。（如果使用</span><span lang="EN-US">double</span><span style="font-family:宋体;mso-ascii-font-family:&quot;Times New Roman&quot;;mso-hansi-font-family:
&quot;Times New Roman&quot;">来存储浮点数的话）</span></p>
</p>]]></hint>
<source><![CDATA[名校复试机考真题-浙江大学]]></source>
		<solution language="C"><![CDATA[#include <stdio.h>

int abs(int a)
{
  if(a<0)
  {
    return -a;
  }
  return a;
}
float maxnum(int a,int b,int c)
{
  float max=(float)a;
  if(max<b)
  {
    max=b;
  }
  if(max<c)
  {
    max=c;
  }
  return max;
}
int main()
{
  while(1)
  {
    int p,t,g1,g2,g3,gj;
    if(scanf("%d%d%d%d%d%d",&p,&t,&g1,&g2,&g3,&gj)==EOF)
    {
      break;
    }
    if(abs(g1-g2)<=t)
    {
      printf("%.1f\n",(float)(g1+g2)/2);
      continue;
    }
    else
    {
      if(abs(g1-g3)<=t &&abs(g2-g3)<=t)
      {
        printf("%.1f\n",maxnum(g1,g2,g3));
        continue;
      }
      else if(abs(g1-g3)>t &&abs(g2-g3)<=t)
      {
        printf("%.1f\n",(float)(g2+g3)/2);
        continue;
      }
      else if(abs(g1-g3)<=t && abs(g2-g3)>t)
      {
        printf("%.1f\n",(float)(g1+g3)/2);
        continue;
      }
      else if(abs(g2-g3)>t&&abs(g1-g3)>t)
      {
        printf("%.1f\n",(float)gj);
        continue;
      }
    }
  }
}]]></solution>
			<solution language="C++"><![CDATA[#include <stdio.h>
#include <math.h>

int main(){

	// 定义变量存储总分、差值以及四个分数
    double p, t, g1, g2, g3, gj;
    while(scanf("%lf", &p) != EOF){		// 如果没有读到文件结尾，说明还有测试数据

    	// 读入剩下的测试数据
        scanf("%lf%lf%lf%lf%lf", &t, &g1, &g2, &g3, &gj);
        if(fabs(g1-g2) <= t){					// 如果 g1 和 g2 的差值不大于 t，则输出 g1 和 g2 的平均分
            printf("%.1lf\n", (g1+g2)/2);
        }else{
            double tmp1 = fabs(g3-g1);			// 计算 g3 与 g1 的差值
            double tmp2 = fabs(g3-g2);			// 计算 g3 与 g2 的差值
            if(tmp1<=t && tmp2<=t){				// 如果两个差值均不大于 t，则输出三个分数中的最大值
                printf("%.1lf\n", g1>g2 ? (g1>g3?g1:g3) : (g2>g3?g2:g3));
            }else if(tmp1 <= t){				// 如果 g3 与 g1 的差值不大于t，则输出 g1 与 g3 的平均分
                printf("%.1lf\n", (g1+g3)/2);
            }else if(tmp2 <= t){				// 如果 g3 与 g2 的差值不大于t，则输出 g2 与 g3 的平均分
                printf("%.1lf\n", (g2+g3)/2);
            }else{								// 否则两个差值均大于t，则输出另外给出的分数 gj
                printf("%.1lf\n", gj);
            }
        }
    }

    return 0;
}
]]></solution>
	</item>
</fps>
