<?xml version="1.0" encoding="UTF-8"?>   
<fps version="1.2" url="https://github.com/zhblue/freeproblemset/">
	<generator name="HUSTOJ" url="https://github.com/zhblue/hustoj/"/>
	<item>
<title><![CDATA[素数]]></title>
<time_limit unit="s"><![CDATA[1]]></time_limit>
<memory_limit unit="mb"><![CDATA[32]]></memory_limit>

<description><![CDATA[<p>
	<span style="color:#333333;font-family:'MicroSoft Yahei', Helvetica, Arial, Georgia, Simsun;font-size:14px;line-height:25px;">输入一个整数n(2&lt;=n&lt;=10000)，要求输出所有从1到这个整数之间(不包括1和这个整数)个位为1的素数，如果没有则输出-1。</span>
</p>]]></description>
<input><![CDATA[<p>
	<span style="color:#333333;font-family:'MicroSoft Yahei', Helvetica, Arial, Georgia, Simsun;font-size:14px;line-height:25px;">输入有多组数据。</span><br />
<span style="color:#333333;font-family:'MicroSoft Yahei', Helvetica, Arial, Georgia, Simsun;font-size:14px;line-height:25px;">每组一行，输入n。</span>
</p>]]></input> 
<output><![CDATA[<p>
	<span style="color:#333333;font-family:'MicroSoft Yahei', Helvetica, Arial, Georgia, Simsun;font-size:14px;line-height:25px;">输出所有从1到这个整数之间(不包括1和这个整数)个位为1的素数(素数之间用空格隔开，最后一个素数后面没有空格)，如果没有则输出-1。</span>
</p>]]></output>
<sample_input><![CDATA[70]]></sample_input>
<sample_output><![CDATA[11 31 41 61]]></sample_output>
  <hint><![CDATA[]]></hint>
<source><![CDATA[算法笔记 名校复试机考真题-北京航空航天大学 洛谷]]></source>
		<solution language="C"><![CDATA[#include<stdio.h> 
int main()
{
    int i,j,a[3000],n,m,flag;
    m=0;
	for(i=2;i<=12000;i++)
	{
		a[0]=2;
		flag=1;        
		for(j=0;j<=m;j++)
		{
			if(i%a[j]==0)
				flag=0;
		}
		if(flag)
		{
			m++;
			a[m]=i;
		}
	}
    while(scanf("%d",&n)!=EOF)
    {
		if(n<=11)
			printf("-1\n");
		if(n>11)
		{
			printf("11");
			for(i=5;a[i]<n;i++)
				if(a[i]%10==1)printf(" %d",a[i]);
			printf("\n");
		}
    }
    return 0;
}
]]></solution>
			<solution language="C++"><![CDATA[#include<stdio.h>
#include<math.h>

int main()
{
	int n,i,j,flag;
	while(scanf("%d",&n)!=EOF)
	{
		for(flag=0,i=2;i<n;i++)
		{
			for(j=2;j<=sqrt(i);j++)
				if(i%j==0)
					break;
			if(j>sqrt(i)&&i%10==1)
			{
				printf(flag?" %d":"%d",i);
				flag=1;
			}
		}
		if(!flag)
			printf("-1");
		puts("");
	} 
	return 0;
}]]></solution>
			<solution language="Pascal"><![CDATA[var n,i,j,m,k,t,s:longint;
    a:array[1..10000] of longint;

begin
  while not eof(input) do
    begin
    readln(n);
    m:=1;
    s:=0;
    while m+10<n do
      begin
       m:=m+10;
       t:=1;
       for j:=2 to m-1 do
         if m mod j=0 then begin t:=0;break;end;
       if t=1 then begin s:=s+1; a[s]:=m;end;
     end;
   if s=0 then writeln(-1)
    else
      begin for i:=1 to s-1 do write(a[i],' '); writeln(a[s]);end;
  end;
end.

]]></solution>
			<solution language="Python"><![CDATA[import sys
  
def check(NUM):
    prime_num = [i for i in xrange(NUM+1)]
    for i in xrange(2,int(NUM**0.5)+1):
        if prime_num[i]:
           start = i**2
           step  = i
           prime_num[start::step] = ((NUM - start)/step + 1)*[0]
    return [i for i in prime_num if prime_num[i]!=0 and prime_num[i]!=NUM]
      
for line in sys.stdin:
    data = int(line.split()[0])
    k = check(data)
    m = [i for i in k if i!=1 and str(i)[-1]=='1']
    if len(m)==0:
       print '-1'
    else:
       print ' '.join([str(i) for i in m])]]></solution>
	</item>
</fps>
