<?xml version="1.0" encoding="UTF-8"?>   
<fps version="1.2" url="https://github.com/zhblue/freeproblemset/">
	<generator name="HUSTOJ" url="https://github.com/zhblue/hustoj/"/>
	<item>
<title><![CDATA[C语言6.17]]></title>
<time_limit unit="s"><![CDATA[1]]></time_limit>
<memory_limit unit="mb"><![CDATA[32]]></memory_limit>

<description><![CDATA[<p>
	有一个分数序列：<br />
2/1, 3/2, 5/3, 8/5, 13/8, 21/13,…<br />
求出这个序列的前20项之和。
</p>]]></description>
<input><![CDATA[<p>
	无
</p>]]></input> 
<output><![CDATA[<p>
	题目描述中的前20项之和，保留4位小数。<br />
请注意行尾输出换行。
</p>]]></output>
<sample_input><![CDATA[无]]></sample_input>
<sample_output><![CDATA[32.6603
]]></sample_output>
  <test_input><![CDATA[0]]></test_input>
<test_output><![CDATA[32.6603
]]></test_output>
<hint><![CDATA[]]></hint>
<source><![CDATA[教学题-C语言]]></source>
		<solution language="C"><![CDATA[#include<stdio.h>
int main(){
int f1=1,f2=2,temp;
int i=0;
double sum=0;
  while(i++<20){
    sum+=1.0*f2/f1;
    temp=f2;
    f2=f1+f2;
    f1=temp;
  }
printf("%.4lf\n",sum);
return 0;
}]]></solution>
			<solution language="C++"><![CDATA[#include <stdio.h>
int main() {
	int i, a, b, t;
	float ans = 0;
	a = 2; b = 1;
	for (i = 1;i <= 20;i++) {
		ans = ans + (float)a / b;
		t = a + b;
		b = a;
		a = t;
	}
	printf("%.4f\n", ans);
	return 0;
}
]]></solution>
			<solution language="Pascal"><![CDATA[begin
  writeln('32.6603');
  end.]]></solution>
			<solution language="Java"><![CDATA[import java.util.*;
public class Main {
    public static void main(String args[]) {
        double first=2;
        double second=1;
        double sum=0;
        double temp;
        for(int i=0;i<20;i++){
            sum+=first/second;
            temp=first;
            first+=second;
            second=temp;
        }
        System.out.printf("%.4f\n", sum);
    }
}]]></solution>
			<solution language="Python"><![CDATA[print "32.6603"]]></solution>
	</item>
</fps>
