<?xml version="1.0" encoding="UTF-8"?>   
<fps version="1.2" url="https://github.com/zhblue/freeproblemset/">
	<generator name="HUSTOJ" url="https://github.com/zhblue/hustoj/"/>
	<item>
<title><![CDATA[打印极值点下标]]></title>
<time_limit unit="s"><![CDATA[1]]></time_limit>
<memory_limit unit="mb"><![CDATA[32]]></memory_limit>

<description><![CDATA[<p>
	<span style="color:#333333;font-family:'MicroSoft Yahei', Helvetica, Arial, Georgia, Simsun;font-size:14px;line-height:25px;">在一个整数数组上，对于下标为i的整数，如果它大于所有它相邻的整数，</span><span style="color:#333333;font-family:'MicroSoft Yahei', Helvetica, Arial, Georgia, Simsun;font-size:14px;line-height:25px;">或者小于所有它相邻的整数，则称为该整数为一个极值点，极值点的下标就是i。</span>
</p>]]></description>
<input><![CDATA[<p style="color:#333333;font-family:'MicroSoft Yahei', Helvetica, Arial, Georgia, Simsun;font-size:14px;">
	每个案例的输入如下：
</p>
<p style="color:#333333;font-family:'MicroSoft Yahei', Helvetica, Arial, Georgia, Simsun;font-size:14px;">
	有2×n+1行输入：第一行是要处理的数组的个数n；<br />
对其余2×n行，第一行是此数组的元素个数k(4&lt;k&lt;80)，第二行是k个整数，每两个整数之间用空格分隔。
</p>]]></input> 
<output><![CDATA[<p>
	每个案例输出不多于n行：每行对应于相应数组的所有极值点下标值，下标值之间用空格分隔，如果没有极值点则不输出任何东西。
</p>]]></output>
<sample_input><![CDATA[2
4
1 2 1 3
5
3 4 5 6 7]]></sample_input>
<sample_output><![CDATA[0 1 2 3
0 4]]></sample_output>
  <test_input><![CDATA[2
4
1 2 1 3
5
3 4 5 6 7
5
80
1 2 3 4 5 4 5 6 7 8 7 6 5 6 5 10 123 45 567 88990 12 3 2 6 8 7 99 98 56 76 23 45 12 23 74 25 1223 34 345 9876 456 123 54 212 345 345 67 67 87 65 98 456 0 0 12 87 566 77 98 23 101 10 102 23 43 678 23 678 7654 4567567 234 432 890 234 12 34 3 2 4 4
5
1 1 1 1 1
4
2 2 4 4
6
1 2 3 4 5 6
10
0 9 8 7 6 5 4 3 2 1
3
10
10 12 12 11 11 12 23 24 12 12
15
12 12 122 112 222 211 222 221 76 36 31 234 256 76 76
15
12 14 122 112 222 222 222 221 76 36 31 234 256 76 73]]></test_input>
<test_output><![CDATA[0 1 2 3
0 4
0 4 5 9 12 13 14 16 17 19 22 24 25 26 28 29 30 31 32 34 35 36 37 39 42 48 49 51 56 57 58 59 60 61 62 63 65 66 69 70 72 74 75 77
0 5
0 1 9
0 7
2 3 4 5 6 10 12
0 2 3 10 12 14
]]></test_output>
<hint><![CDATA[]]></hint>
<source><![CDATA[算法笔记 名校复试机考真题-北京大学]]></source>
		<solution language="C"><![CDATA[int main(int argc, char* argv[])
{int n,m,i,a[81],b[81],j;
while(~scanf("%d",&n)){
while(n--)
{
scanf("%d",&m);
for(i=0;i<m;i++)
scanf("%d",&a[i]);
j=0;
for(i=0;i<m;i++)
{if(i==0){if(a[0]>a[1]||a[0]<a[1])b[j++]=i;}
else if(i==m-1){if(a[m-1]>a[m-2]||a[m-1]<a[m-2])b[j++]=i;}
else {if((a[i]>a[i-1]&&a[i]>a[i+1])||(a[i]<a[i-1]&&a[i]<a[i+1]))b[j++]=i;}
}

for(i=0;i<j;i++)
printf(j-i==1?"%d\n":"%d ",b[i]);
}
}
	return 0;
}
]]></solution>
			<solution language="C++"><![CDATA[#include<stdio.h>

int main()
{
	int n,k,a[80],i,b[80],j;
	while(scanf("%d",&n)!=EOF)
	{
		while(n--)
		{
			scanf("%d",&k);
			for(i=0;i<k;i++)
				scanf("%d",&a[i]);
			j=0;
			if(a[0]<a[1]||a[0]>a[1])
				b[j++]=0;
			for(i=1;i<k-1;i++)
				if((a[i]>a[i-1]&&a[i]>a[i+1])||(a[i]<a[i-1]&&a[i]<a[i+1]))
					b[j++]=i;
			if(a[k-1]<a[k-2]||a[k-1]>a[k-2])
				b[j++]=k-1;
			for(i=0;i<j;i++)
				printf(i==j-1?"%d\n":"%d ",b[i]);
		}
	}
	return 0;
}]]></solution>
	</item>
</fps>
